sk_Time;DateKey;Day;Month;Month Name;Year;Quarter
a77297494f6f8217711045a73b41a831d0bcba046420b9b566f74a759f9de102;2017-04-17;17;4;April;2017;2
fe429bd12137a1d739db2786ace3d2bbf4d466d8c914e44a277328a1c5d0c08f;2017-08-04;4;8;August;2017;3
9a8c38a902a9d3064f9dce496dbff15d473af5fcc4aac45f3469a7db4189a8e6;2017-01-29;29;1;January;2017;1
ea1c90a850698457fbe8755ca96de001e21066727015cbef6298a7b02566d33b;2018-04-15;15;4;April;2018;2
6d8f50d1bf1efb54e9e759d7d301917bf9d6bd514c3fa36a9a05782c69ea5db1;2018-04-19;19;4;April;2018;2
bc611cbc38f0c80063456ffe19554de5e79c798e35bad4b7147a79466a223c0d;2018-03-05;5;3;March;2018;1
5f6a4144632929d636ed20e5057c6bd898970c2d412e030677d4aba7311fa11a;2018-08-25;25;8;August;2018;3
12517115522c675742d98ba147d0d123228e54e54cdcfe9dc7916ee80059e696;2018-08-31;31;8;August;2018;3
3155d39794ac2712f24b65f97f7b68409ecb0bd2d05fdf2a32396d0f7f468a2d;2018-11-11;11;11;November;2018;4
4144b2794ba6022d774b6ab5e2d433310e4d39bb3fd54fef1544a8e6c5cde8c0;2018-04-09;9;4;April;2018;2
26579ac5f07760a20c8582614d2401732722722d751dc25a0684c69b577f424f;2017-08-28;28;8;August;2017;3
646184059f72380e1cfcc177b6131baf975c055e0ee74510e65247ee6008c640;2017-09-18;18;9;September;2017;3
acec0baa8274a597bb1edf96f1a194734d21420a34a8f82c5d8d461a820b7d08;2017-10-13;13;10;October;2017;4
5f4ff2d6f3d0b3d6c8c938cd2e6647cda3986df7715b52ae52b624d5e43b33c3;2019-01-12;12;1;January;2019;1
8be283d1a16dce9403511fc7ef2fa7c8b604dc5c64513073520b8e8c6d8cf058;2017-06-12;12;6;June;2017;2
70c16c259458f7d8c945d041098d6f8f0980a95006b6d45063f778aa4de0e1af;2018-12-10;10;12;December;2018;4
06868c69a8c35bc4486c0c783b199e816e9d5d20289e7e4a0cc975ea1fa5f570;2018-05-19;19;5;May;2018;2
bd80e4cc5ca1ed24996e44c2ba5ef13fb266cbbd807ac8f064ea75024b895763;2018-01-19;19;1;January;2018;1
2b64590d2dee1e67923c5ee079d2cc2f809e441f157514993114ad63a32ab9fa;2018-09-06;6;9;September;2018;3
a9b38d4eedd2ac889415f52dcd6d54512601e77285813897f6acf5bb0f9ee673;2017-03-27;27;3;March;2017;1
e73958f85604aa811ff134ee7b050c058a487655fe98af1c8813fe9702a05909;2018-05-21;21;5;May;2018;2
348b1e3ef1a33ae12e5009917be4b95b3b52fbdf1c40d8f1aa4895c83d81613e;2017-08-23;23;8;August;2017;3
af5297589a4b4a387de91f41b8ee53d170b0b11e65664c885a2ed9d6249018d0;2018-01-03;3;1;January;2018;1
ea27421e174fd550efc0cb2373e89c2a41dcb6661be8dc9b4b57089da7e1156e;2018-08-09;9;8;August;2018;3
7856d079668e9cc700c6c121dec27becd55d0c216e9e4de33e9f923930756630;2017-09-20;20;9;September;2017;3
d225f88ac30be1913758c11ff3a3def484e43926b3381ca018e433487a945ecf;2018-12-27;27;12;December;2018;4
741ecf4a0a16521971be1c325257ee56458d6e04da7cce70b45b30bafa6c93ae;2018-01-02;2;1;January;2018;1
5b0dc2a2e8150df4d61d33e20ec050dede0206731fa8e60c926dd5be9495fc5f;2017-04-04;4;4;April;2017;2
dabf13972e98ad21e94409e727f7586eed1fb5551a91addbf172f8eed2684c61;2019-02-26;26;2;February;2019;1
f9f6993194f2d06dcd0afe2acb117ea70e64aa7d0c1d9593eae8e13c2a916c41;2018-10-18;18;10;October;2018;4
7f19c617b3ad4eba47718a5182f4053f04f701d4717290aef870024b6e538f82;2018-11-09;9;11;November;2018;4
52c5f275d3286f512abe5009fd5a0183b66547289ddd77ba54aa2d0e67d120f8;2017-03-09;9;3;March;2017;1
1bd55e8a51554c350acdc7c0638a364d783f486534fe2e93ed7118940b0d8bb2;2018-07-07;7;7;July;2018;3
345216d594cba619e13ccc4564d1b60c3b5ea50f98b71c18e0bd9f47fe020fbc;2018-04-07;7;4;April;2018;2
91157232711bff2d29f49098bf72aa3ec29a7b339065a6301bef839a823f5b54;2019-01-27;27;1;January;2019;1
74f4b1b8a4a04f9df70544acfad38c327b7de5cef197067d548aaadc43639068;2017-09-28;28;9;September;2017;3
04ef8a8ea93a458f7e28d4696080405a010b41c08a81d2821a9f86506f598c19;2018-09-14;14;9;September;2018;3
aad9a37cc6e55d5b43bccde43e11b2fb4645f208a466e43417c2c0e96bf9af49;2017-04-21;21;4;April;2017;2
c3af9eddb8785c8b51959c3405e137106ced5c332db072ee35c7512c248774fb;2018-10-08;8;10;October;2018;4
ef00c131d3e28d37a4b4b9905a02127bd975556c79ce4960987c1c88c22d616a;2017-06-19;19;6;June;2017;2
fa7acb68ae6992b0abaf2e47689b4c011f78c0a23587405c5e78f7b2a4dd2682;2017-12-04;4;12;December;2017;4
c4fdef47495015fa0fd47a9d73fecf39fec0ff9d5ac03530b4a857c3fe52c7af;2018-01-05;5;1;January;2018;1
7f7548c7b344c4c1a33f679dac73df5c0d8b0a6974f27a624793cbbc826c2b4d;2017-10-27;27;10;October;2017;4
ddebce31065bf7f70b240d0fe56492cedfcd72e9789bd517657e473a0060252d;2017-10-02;2;10;October;2017;4
73820dd5434e4f9fc9af88da30f31ac45a795838565bc95b19e2e587a65dc5b5;2018-11-10;10;11;November;2018;4
87702de4e2a9f6a88921c35a25759a837f93238228695bf44612118d917322ef;2017-02-12;12;2;February;2017;1
afff1d80dfc48c6fbfb79c63b334b8e2254b94235de367424111fc20415effce;2017-06-13;13;6;June;2017;2
4047caf9d188cc0fca02885d299abb524c5cad0871dfc294841cb5c9fadf458b;2017-02-16;16;2;February;2017;1
d9e6afea481c14e84de2af009eea4b6fe52c07be9eb84c5a025ac54d033baafa;2017-07-26;26;7;July;2017;3
59279c25408f81603f06a9fb8e7d8d54673fa1d24a01972db4d69236e8d2302d;2017-08-15;15;8;August;2017;3
82eb743075c992fd85aca72f4c0bfac1014db2b9641874e3876b4a64eb300d8d;2017-08-22;22;8;August;2017;3
2156300ee2b497a6d83b1f091c04c2e6b7e64a08eebbc094aece6174c2bd3148;2017-12-08;8;12;December;2017;4
0e8c7c61ef7fb45541c0375d8e38054898cbaf38de6eddb28e93739669170966;2018-04-29;29;4;April;2018;2
39c87fcc0bade73527a374c48c4a4449adb231ff92f97ea934f2596d0a56a064;2018-10-12;12;10;October;2018;4
827362bdfd56b68431ff7636797b8ad93d1396e44022a71958f1a3ae0e40e340;2017-07-24;24;7;July;2017;3
7dbb358eda5fa2c619e8f37bdc9d9262c7ef17747ceb4c26a18d343d2df2acbe;2017-08-25;25;8;August;2017;3
daf5e287b86b9ba591fe807c991ae443c9a0d07cb7ef01154a8361a360d574bf;2017-10-18;18;10;October;2017;4
2c8f09eb6722adbaabfcae96609b6043ff82a84d29c002aea8dbf7795e819790;2017-12-25;25;12;December;2017;4
6cd172930767d29322c319c0346299671fde7495c0304f8f558c2dc6a651f6cb;2018-06-15;15;6;June;2018;2
dc7f45d2c1d8a50a883eae45fee962e31785273d9d0f468b69cc642b295b03c8;2017-06-20;20;6;June;2017;2
66e4fb55ee07124b1fdb7fb401704a8f74eb005df9c65967dc4e230d22d7faec;2017-05-03;3;5;May;2017;2
a4a138f6c1a5cfa16a92002b94d6d8560a8fcd32e479de81e9b70902cf49e965;2017-12-14;14;12;December;2017;4
039a13062cb9afd72799b07782b37fd5323affcc5f73b675bcd06788ad3b0bbd;2017-02-22;22;2;February;2017;1
082c933cb6c02c3bfed09c73b9665b36a7e58503706a25056bf71c2bcad220c1;2017-10-06;6;10;October;2017;4
a08239739670b940fbc88e321737ca7a72f8a55f52b16be1c852bfab372e069c;2017-12-20;20;12;December;2017;4
1e42e1c028ebe357a2150bd86c9602deeafb049bcda3d22777a7230533c3a66f;2018-04-26;26;4;April;2018;2
2e95183de2fa9a7e9d7ddaa55f55b875fe456276b70dbdfbf9ca3130f25676ab;2019-02-23;23;2;February;2019;1
ef096f264b2d835aa6e88089940209f2a40682bcb1534ba5c0b7d74cc11bd07d;2017-09-19;19;9;September;2017;3
c454105e8ee860a943a4468c6b90933ce808409285075f5f76e0d45d471589b6;2018-03-22;22;3;March;2018;1
eb378f761afa5533ec5892225340d55714ff95a5fb804286382c23decf5f753b;2018-11-23;23;11;November;2018;4
09dacd08bce9c06034a839343f6e65916535419c2c4e48c3fdac1e90f65615cd;2017-04-27;27;4;April;2017;2
24b6373ded0829e74c74e42c1f7333079b668932addc9ec69418f76b88c17715;2017-07-11;11;7;July;2017;3
51015c0dc98e7f028f34a4ff7ae407634e7adfd2bd56fd4381715cd76d225437;2017-07-21;21;7;July;2017;3
ac9f2587fc178992467cf38b10de0b2d193f46170352c6035c58b38edaed905b;2017-06-07;7;6;June;2017;2
1f86a387c3f88b2cb3aab7faee6029e17e36906818d83ea23d4087493f27d72b;2019-02-11;11;2;February;2019;1
1b00c5ebd219e7ff3bb6aee2e3c3da9dc5458cb4baa97da5fecb0854aa06433e;2018-04-12;12;4;April;2018;2
8571e1e3271851a970430af040f1774877f06c74145ecaf116f8c067a91010c7;2018-06-04;4;6;June;2018;2
07511f25f2f1ba410b2a2693d8d820286d5120da8541a7c824fc7b42666baafe;2018-02-25;25;2;February;2018;1
27ee2b7a6f754c4408b30e7562eb76294b619c84039ce86f6fe18722939a433a;2017-08-29;29;8;August;2017;3
daf373b9c707baa51e1bd42a8d43c21db5e91f51950d67637fb8d8c1ade360f8;2017-06-23;23;6;June;2017;2
62807b9c3af303e06d7b1a577bcea807d5fe170584dc94774edb128a3d2d39f0;2018-07-29;29;7;July;2018;3
60594642bb52ce869d7b54a5070d711ed330871b00f5068c7d40162df2906f71;2018-12-20;20;12;December;2018;4
05ed3c64a12221ead471a40e25a8e00170c29dce5d9ead87f48a1f63521ede32;2019-03-11;11;3;March;2019;1
6fc7d6bf046daf7e864408e1b097fd040c7c1987f465650796a78a6ab7631404;2018-12-23;23;12;December;2018;4
6f121b2fbe2441823a7fc967be58e9a93aec1b3d5e29a540db8349a8a3fadb8d;2018-06-29;29;6;June;2018;2
a97f6ca7eb088dab4c8fa24e16c8cbd771ba9d2b9d954c4b4cb18503693056ae;2018-12-22;22;12;December;2018;4
5891fc96c119e3f7de6c30891f582d6775833e25a89cf9650a99b2f52172c1c4;2019-02-17;17;2;February;2019;1
44e3d022e3fdc8d8b52b7487efc0072e2f03779e654db1d325d705d74c5d8d92;2017-11-02;2;11;November;2017;4
e9343f743b6ff0dfe0ba9aa03e72895c73c3d79b76ab87e2db1817ee1d3d484e;2018-11-26;26;11;November;2018;4
85b6baa6277dcf318046db2ae1f8a233f55da2f42b08bfe92645afe0e588c218;2018-03-23;23;3;March;2018;1
b07420bea7b5205b00940612a0106d55e9551f505f4766d94bae0f01e1e5276f;2018-11-05;5;11;November;2018;4
9e81b86ab76de317f8e361c76fed4224138074a6cf8f42f369c09f91c5c4daa9;2017-09-05;5;9;September;2017;3
39dfc87e779803d7730e15e62f9d7daf0ffe4106b588c4c6e92efe83cf118504;2018-03-08;8;3;March;2018;1
cc725ef650a46eb5ec4bb586e66ef2d15afe78ceaafe465e10d02bde8ee424b8;2017-06-02;2;6;June;2017;2
a45acce8273eb606f16a7dc9e1149fbfa6a655bb5c45ecfe9a31162f67159121;2018-03-02;2;3;March;2018;1
2894d3dfbcdf999e28a83c8dc0627a34c097b73c9cd38d2fe4b1a4f7a4c0bbdf;2018-12-21;21;12;December;2018;4
5534e2cd8dd23931e98cadb8cf93df76d51a7663d6916da15bfae511f25a23be;2018-12-31;31;12;December;2018;4
509567598087a26a769a7c9f6f1346311f0d4e7af399d3b438707738fcbabc1a;2018-01-09;9;1;January;2018;1
5f4bd7c17a960995ca25839a99fa91b3fef8524c865aff7c3cc8ad339ddb6385;2017-01-16;16;1;January;2017;1
9ccb2a95e9f67998fabac8efa7787e70be257c3a2ad4d71364fb52612a1cc4eb;2017-12-30;30;12;December;2017;4
c6b9caf565154629d1391ea4108c551820a20f84e204474d75299a8287c27d1c;2018-04-20;20;4;April;2018;2
3f54a888503fd5049c61596bb356f15b4886d33c3b5dc5b6e29ba3b60bc277ab;2018-02-20;20;2;February;2018;1
499d8fdccca73bfcf85dac12bb6042f6e644863e0e5456bc5771ff9a3c52b105;2017-09-22;22;9;September;2017;3
f1225e6b4fbac5c6a43a64ffd2bfc8939d454e3307163e57f4dc5c2c8a9a87b7;2018-09-10;10;9;September;2018;3
187410fc7eeddbb1ddc52cd91778f9071ec5fac5f993b373cd53890d4f1c52ad;2018-08-06;6;8;August;2018;3
efaf1a66ba883e6eace6bf92a1282d7a1dcef11fa76df98a210870cc9ad535ce;2017-08-14;14;8;August;2017;3
d157f1b75add6031f8c28769b97870dd4d7b1c5ad4f1db8526b2409cb27c031c;2017-09-14;14;9;September;2017;3
7dc763b151f79b96ff3c940433e40904a1ce4bd6eb24806687800e2fd31320dd;2017-12-28;28;12;December;2017;4
0c8f8f2b85e39c0b9eccedad1f6fb26cfabd869a491324bed01e9f4f4481d010;2018-06-09;9;6;June;2018;2
080a448017cf04a7f1afe80f8a83c664c1f5b5fea35bd24bff80e522ed6e77c0;2017-06-14;14;6;June;2017;2
d216cc01df17294e42227cf9bb741a3d7c2cf1e05207c2998a8e505319c3fe73;2018-01-07;7;1;January;2018;1
07e9e08fa2cd5f38c9f6782599cb0230e289567245454f02e5a7fe6977d3de89;2018-01-26;26;1;January;2018;1
cc86fbba4425b8dcc8f6dc52f0f23471491655bb3f1f5de9cb686cd064a35cff;2018-06-05;5;6;June;2018;2
d0734bb9e56eab6fb47191e7eb79c4c94f46a22bea202a831a81d822bde96f42;2018-09-24;24;9;September;2018;3
e6d5362a77c3dc40fabf22e247ef20353a89a9357de35b37eb57607ecd799a4e;2018-01-06;6;1;January;2018;1
5df1e2a948fdc64ee362df3a384a654947be208760963deb2e23db28a0d5c5bf;2017-05-22;22;5;May;2017;2
3b2ed43bddfcff762f6cc35f7d662e2f6fd45eb04ba13944df1fd2ea6b14b13f;2017-11-14;14;11;November;2017;4
2812e665a3c42ee7502c5518b1e4d02c8f954802c81b02da6f5b34fe99406c2d;2017-08-02;2;8;August;2017;3
1ec9f1e2bb65df56911858b21c83057f55d019e6e86987582eee1e0415e8eced;2017-04-19;19;4;April;2017;2
58c250a3740b015bed59d1e0b45607401518c2a603729e6052800cfeade6837f;2018-07-12;12;7;July;2018;3
b87b32f16373499cccc7326e1eda08c72cc3216171aa9cd62b66db9b751fb1a6;2018-11-18;18;11;November;2018;4
425fd355f6f2bec8e63c5ab86ccb78248cf3e5b08806d429b6f8bb13c0c87f3e;2017-10-05;5;10;October;2017;4
ad240c9ce3411f457f45aad32494e74537e729f0243d539a055b5362604f4089;2017-10-19;19;10;October;2017;4
bc8fbf0329fb65e51edb1204f100b3a7d88d441c24eb7f6ca141d06ca2d0cd28;2017-12-13;13;12;December;2017;4
d1d3d4ce28c916d050aa66cebd57bd49d46d71282a56630b4fdf2ce7508c6e5b;2018-04-28;28;4;April;2018;2
6cafecc76dc3c723666803f8c2e7f73ee3af1edd3d0918980cd04eaa10d8ee13;2019-01-13;13;1;January;2019;1
6e4f6f77d8eee9b1ced9aa0c3df447532122a1bfdf966517c634ef289a3bc761;2017-04-07;7;4;April;2017;2
f5c565cb8196650654830ec8b0db99a7e294267f88c98200912f83f94c9a8640;2018-04-30;30;4;April;2018;2
1c56a6a032a7d68f00d418238cff758706c770a306013366de07859cf4b12793;2017-03-06;6;3;March;2017;1
430424caca86819e1b312db1e0f97beb26d708fde0f374a0f2522a2c25a63420;2018-03-15;15;3;March;2018;1
2b05dd9eac3716e9f62d5b82ac4f8135953948ab1a9d6f3c19c8e644914727d1;2018-03-19;19;3;March;2018;1
205dee75fe2f64f837d9029d5de064fe6c4bcafc48f7b5c61474be49c23db3a4;2018-05-12;12;5;May;2018;2
f2ae7ce0e48745ff368ac5c5804049bcf10faf29c48740ca79703e47a85e2fcc;2017-03-21;21;3;March;2017;1
6afe4586eba928239cd79956aa9a743521afb2922e3267631320f5be0dc01298;2017-07-04;4;7;July;2017;3
d62e677dd8c8a8b74c0f0f031ce9b01eef19dc97dd4fc31ad361b3923a724769;2017-11-01;1;11;November;2017;4
dfd487311c92cf4df0cf210fd9dd985df37322fbc0a29bf1659b5ea5f50a9f5c;2018-07-30;30;7;July;2018;3
41e4d852c6ac7753ad28513ea4d91930e11afcefe5ceade7e235e55f5f739489;2017-09-26;26;9;September;2017;3
a63405fd640250c121b459fcf5b37cff32d9fa2803aa32ae17cf8175cfc470c8;2018-11-30;30;11;November;2018;4
1c636b48c4355872486720f73c59b101b32838373f94224fd41895213a4a7811;2019-01-04;4;1;January;2019;1
5d415d4e7e32e30b49e11e152f27ea9f45db71d83762a80f34bdaf914b376086;2017-10-25;25;10;October;2017;4
1249cce8b5212919695bd33043f0a97d8e857d733ef3a6fd24de6749c2c0b68c;2018-12-09;9;12;December;2018;4
85e6b4499f60b126943bad477aa282c454f8576162c4fc0bc8d7b4023c208a5c;2017-03-14;14;3;March;2017;1
313e868dc44fe118199252a4e1f26e04c4bd06fa884a37a962afb61ef716bd13;2017-10-31;31;10;October;2017;4
ebabb0c5fae7622c2f56e7910b2ccc68cdfce412c54d24db8c07fbaf0fd4af8b;2018-09-07;7;9;September;2018;3
854ffbadd969e87026edadb22fe56dea8970709de81ea69d30e955b6d7d093d7;2017-08-31;31;8;August;2017;3
1c627adaf850a1f8b9dcee3591144b804615619fa102e8b7ab4d7a1d34350db3;2018-01-16;16;1;January;2018;1
e80843aae6477a7358b9a7249da1c2a6ff21326b2c59eac6263e46b0f4ea67b9;2018-09-30;30;9;September;2018;3
61b572ce9b0deebf560564169a1e001e9282b9aba00a2adce186baaae0839f43;2017-02-28;28;2;February;2017;1
2549b16d974ad06988c5f6640a96578255ed26fc3794e5610574f68f3e1b7e17;2017-01-25;25;1;January;2017;1
8684ba0cd595c4b96f2838d4aa46000156388cc0ed69d3b873e2a3bd855fbcf5;2017-09-29;29;9;September;2017;3
68074c9553641e5f8f978e23436b3da89c12d9faf5a4d355b0b70ae0e11fad8c;2018-10-22;22;10;October;2018;4
823cd1ded85e4f4dbab3a5099141fe76b69f9aca465a624bd5cd4d0649a42270;2018-12-15;15;12;December;2018;4
a3692a851107370b44cf02ea8f0a7295dde9e065ae1ad33319658c0d96182116;2017-04-11;11;4;April;2017;2
a5bab70a59e07e787877e600088088aadfa917dd977f288941bca98989120d79;2018-07-23;23;7;July;2018;3
90b81ca4f8602ca6863a2fd9ebb73cc9e7c849243e7105a908cde0d50326b569;2018-10-20;20;10;October;2018;4
a09a006924fd28e7a8d5693c5b029e550de3b5b264ba3ee53688977e7e262ace;2017-12-05;5;12;December;2017;4
59fcb31df4407bc7083ff2f3d627b2d9d42af4d73dbf31a3e7788e0b20b2282f;2017-12-29;29;12;December;2017;4
01ebeaf86d658abb07763a4cb500b6b5adf5bc7163da63ea8440568be560830d;2018-11-19;19;11;November;2018;4
54710e508b5dba1ed48a150aaa2027226385d8ea1bd46ebbeb2c58f15b3161e4;2017-08-21;21;8;August;2017;3
a8833cb0d81520e4bc151577c51182e82cd0e9af6932f6582b6f1bccbecbf8e2;2017-06-22;22;6;June;2017;2
916dc2403306f54de7f36bc6c7ebc7173f637e9742384343293fe2a6835d6e9d;2018-06-22;22;6;June;2018;2
f4d93d1b038c127a20e63a8d83f48f98e9191cabf3ae6c3ea5fa5f244b0b489d;2017-06-21;21;6;June;2017;2
82f0b02fdb174cc79dbb7f86ea8a9ade3aeb851284c8bb3df8d623e16bc864f5;2018-03-26;26;3;March;2018;1
f67529a1ad6a9222a1f0d8b5ff5beab0d889a85f9d7617218f36f29e97dd4aee;2018-11-17;17;11;November;2018;4
031f94154e8bda4dedbc796e454b0c7eb090a0d48dd62c071f123038d1eb58f8;2018-04-27;27;4;April;2018;2
2a44bd96b11dd851e897cabf8d47bff81935237cdf0b6da3e72d007b04b7308b;2017-01-17;17;1;January;2017;1
71f54cd6447344415e0b1c158d1f6a856defad2aac22f5d29962bc97a4ce35b6;2019-03-10;10;3;March;2019;1
90b0c2a886a9a55a7e9e10b0bdc34b2dc7df83518b870f901e16f2588a58bdd9;2017-04-05;5;4;April;2017;2
89586da6655df622a2816159555b8e53940bb2841d02f2f0e851a769fb45e580;2017-11-10;10;11;November;2017;4
10cf51d1a97605011337252308a55cc3617a759dc03051812e92d51fcf070fd2;2018-06-28;28;6;June;2018;2
3bfd871e6c1497acc429a34c27bd43eaaf7939b3a05f65bf1be568e6f09eae0b;2018-01-01;1;1;January;2018;1
2e00d180485ddda60fe6fde048180db630eebf861a7232be73439493fb3bf652;2018-01-04;4;1;January;2018;1
c628f29318425b9204de164b1cb4f34c9a8bd040a222a8666b8a8208171716dc;2017-01-24;24;1;January;2017;1
1196205fcbd15e9e09142bf103a9c9013e9916aececad172dedb3ae3598b621e;2017-04-20;20;4;April;2017;2
20ab3eb606574ca1e88cdeda027b5c2bc12481d884be68ba099c3913bcc3ae0a;2017-07-19;19;7;July;2017;3
39434d5b67ac5b7095165a6a3a742492d70cfcef279f109fecd446956406c674;2018-04-16;16;4;April;2018;2
e6bb52acb465f0b739a615c37c6858aed8786bb450c28c5de10deea72fd1d59c;2018-02-24;24;2;February;2018;1
ca19cbf8e48b1b06b45bc363616218b415da57e8d0ee58808aafd04d60a82676;2017-05-02;2;5;May;2017;2
c4034c66879196045f00d9dbe9e46ee364eff4006cbb3f4b0c661b248f00104d;2017-07-05;5;7;July;2017;3
02150f9dbdd99fd5f65fded0d8841c85122b8abf3b5d09242dfd8ee6c33e69de;2018-03-16;16;3;March;2018;1
3e22d3a444492780cd945098ef5a41521fe8c47361d01896e7a44bf7d9c22206;2017-08-24;24;8;August;2017;3
e29d45308f8eda4ea8cf5c473d9dd6a461bea50fa280f54eb73189448e8ef11e;2018-01-28;28;1;January;2018;1
e727466f1e60e7e685eafdbc79338fee0ddb08d65397e8fc579c859599de6078;2017-03-22;22;3;March;2017;1
baa3a48e75fe2edcaa9c331c771a828e84299f552eca913b0a0f1f7d947202ae;2017-02-21;21;2;February;2017;1
efa6d4a6c6b95597d1394bb82945bf1011f4f778d9573dc4effcaab164d24844;2017-07-25;25;7;July;2017;3
46c6762b67f6da78b2850aae9b5e5cbce110d63c3519cbd29833e8ef3a9a8f13;2018-09-08;8;9;September;2018;3
943b36a59746f197e5b0d4d1cf5e6e4391fe4695b4caa15fe9efbf31f6895f79;2018-09-16;16;9;September;2018;3
0890c0547fd926294eb1aaf0d2e2955e0e361aa0df433eeaf0aa4b50b01accf5;2018-12-17;17;12;December;2018;4
ef3a0a8e479b3560783bd97336d119821555f84f99906d3e6fb537a98f34976e;2017-03-02;2;3;March;2017;1
904d5224ff2e68d827d6a2323082685386a61393f77a5eac5afea57d885d8870;2019-03-02;2;3;March;2019;1
02f086a8514fbf5bf697c07b0503e97c8a29c814c094fa37e728be383000e35c;2018-01-22;22;1;January;2018;1
b666a8131df8bb4dbb5fb805fdcd288abb55c9fcae61b14c74c31ec7e14758d6;2019-01-07;7;1;January;2019;1
7ccffdf3c5fde1ae6da628628212a63489f8049139d9a30dd793e5cdb120d651;2018-06-24;24;6;June;2018;2
7584030bb12f3180687e35d264a30a91b04ac4bdff93769af5f1880c701c5734;2018-06-19;19;6;June;2018;2
94df642710f187a0ae329bc3fa4b2a7347f732a73af9b85522be905618158446;2017-04-03;3;4;April;2017;2
3411ad0b65c34444cb152526d1e1e04197fe4a6f5eb573f017ac37fc6520ddb4;2017-04-12;12;4;April;2017;2
f2031d30d57abf12b67f1d0b68d5093390f43efa7c6ec88c19cad1534efad8ca;2017-10-20;20;10;October;2017;4
0c2eac2f1f69c211372be1e57aa22137a46421fef8fe0c6c3d8c67d1951319ef;2017-02-06;6;2;February;2017;1
a4fe76f36da8437d54a41611f7cf49a733449eabe7bdbf6bc64146fa70955297;2018-06-11;11;6;June;2018;2
1a46ca2875b2bfdbd1800f4863708db6775c86531acc56aa223683554363fba9;2017-06-29;29;6;June;2017;2
32c707ac29b889a67c9ffb3095c978b37ea335df26a75d1a7edbfd10c1f7ba2f;2018-09-15;15;9;September;2018;3
2a444ddf3e2818581de1f3afb99658594b2485f6b01535dbf86ecfbe451191de;2018-05-11;11;5;May;2018;2
10b8128bda0cfc4159853bb048afbdcf81ec0732814443ebacfa5f3063cebed5;2017-09-21;21;9;September;2017;3
eb4aa278fe6ab55280b5e847e8abfc7eb3ffa794e2df8626a1ec805d1152b0ef;2018-07-14;14;7;July;2018;3
8564fe7cae7b24404fcf85581d6714a6aed7837b7b3df07af7d303d523a6df25;2018-09-23;23;9;September;2018;3
4c29c506342ceec692ffa9a555d6b0bb14065a09c48555b885b4ca101139def3;2017-06-15;15;6;June;2017;2
debe5d2e81770d1543a630fbc8b4fe33fd61d993424974ac27bee6616334b16b;2017-10-12;12;10;October;2017;4
ded77b91362b26f417c3020c5cf357936966885ff298c311aa0e7419a7d36a9b;2017-04-25;25;4;April;2017;2
abc4147f15ae9a4442e4d763c297e51f76e70cdfddb7376b7529c48ffb7d9d3e;2017-11-13;13;11;November;2017;4
822b53147f5284952c9472a0d493640f09da1f0419aa5b4e562a08dd8351cd3a;2017-05-10;10;5;May;2017;2
544a5f1271cf5b2d9eb008bf63afa11d95bc4cc3e2e43b3b51d90069ab3ef8b3;2017-12-18;18;12;December;2017;4
0a0b44bcd3bf50b79885e7500245a0602975e4d18f847ab14d6c8de3f5dfe7f5;2018-11-03;3;11;November;2018;4
baea58dfd5cf2bc67c98a580a3572b2111c8a4a2411e8d5a8a54df7d23d27ff7;2019-01-26;26;1;January;2019;1
12ea8d4b6cfc44ce5d83acc2baa0c5c4a8c8fccaae18222fd3fbcdfb0e8efe75;2018-10-25;25;10;October;2018;4
e4fc37a748fabbd3afdd9141a6cab008be6f653d940acf0829b7fdae1b190f39;2017-04-24;24;4;April;2017;2
083544b9126e11d74266eec20019c42c240c5f172702e96df46c5928b2354838;2018-01-12;12;1;January;2018;1
41efe0c49f54d37d423e6e029040e1d28e1b9d22dfb646ec472324694dec07c3;2018-03-09;9;3;March;2018;1
2a90ea74cd96f0d473495ab5b4103e12243eaf9b957ba61fce0033c27152af2b;2017-02-07;7;2;February;2017;1
42572e1d1167579dfd2c550e581bd3dd3f9b75a58b4c5bd8fd20a339d7c4617b;2019-03-16;16;3;March;2019;1
0783fe6331e60edfed82373c6f56cd9bae4b968850a22c486d53c5e833432fee;2017-03-15;15;3;March;2017;1
cf3e7a2e7df9b0ef6f5383fe82d07a4822caed15c820cf30c68cfe5220772cb8;2018-05-04;4;5;May;2018;2
b44fa7fdce8647d0f08e9187d1283daa29c02787f97704910398eb638df895f9;2019-01-21;21;1;January;2019;1
83d3ad454635f320ca4dfdf0007a03d1c1061e1cac2aeb6ced501b471b2a3ce1;2017-09-13;13;9;September;2017;3
cc61a3b5a0567ccbf69c175b8ec9be5d3eb2ebfc4ea6ec3d83dbb763e93de855;2017-12-12;12;12;December;2017;4
2ea746e1c16abd6baf42d8929b4be70a6b5981820d63f31c3b6075cfa3772c17;2018-04-08;8;4;April;2018;2
e5033536f2eee168fc80bd869a1f4e2f3ed3a715c5ec3563cae637efdf6a8d87;2018-02-12;12;2;February;2018;1
ec97db87d94a888906419e997a345122fbda744afec66191a3984aaab2f33d65;2017-05-12;12;5;May;2017;2
97541e959c009b4b5cd71f175ecec79b9e0bc501015e3d769cf4f2b8f6603a9d;2017-11-16;16;11;November;2017;4
797e184a4beff46321d8d66fc0b3be36ce3f13a2ea1b979e61aca4d8170e4245;2017-11-29;29;11;November;2017;4
5f0e73656d6d2990f84b4b17677d26a07e01fbc5c2077bfdc0570ce7d172d0d0;2018-04-21;21;4;April;2018;2
f936d00555a0def0bd5a678595ccdb5f84eba3530cbe41b798c1caa347346bb7;2018-02-06;6;2;February;2018;1
d83abd7d1df05b99381f211fd8738e7ec1cf82df238173a1773b9c89ffd033be;2018-11-25;25;11;November;2018;4
07a6ddf8494ca4d4c0b2739c2a6bf874230108d0e0bccca40675488ddf96dd31;2018-06-10;10;6;June;2018;2
d7cbac365dbcc0ad14b53d448b9352b4d74e7d475846c12f48ff1d659d191148;2018-05-07;7;5;May;2018;2
8ced833ce5342d3f93d285d837b258621cf5f9b5dfa3ed8c9d1faee12bdd2780;2018-01-20;20;1;January;2018;1
38a021f1468476b9cb84d9c10653222bf8919859177a1d87116847228314c4fa;2018-11-12;12;11;November;2018;4
23214c028ad8837e36bfa99518e29d0ff4fa70c4e2701ecc12622704c02c028c;2017-04-26;26;4;April;2017;2
b9496a7f023e3085a9cd7ff72f870b3132d035ffe37dcc496f0cacf1048f15b0;2019-03-17;17;3;March;2019;1
dbd092efa0de1f5c82bbf1f3514efab13c1ebbf930732fbf79a79431844154b3;2018-04-13;13;4;April;2018;2
9167c63edd9aa6cc10c6171bdaff5b903c9df8c275d3bab0b5099f5e15f0d0b1;2017-02-08;8;2;February;2017;1
197467d08d187fb2c1b04d3d0af4cb03fd4cdf179ce73b33f0766a29149f78e0;2018-08-27;27;8;August;2018;3
c8f5891f2fe97899dd37f751fdef1bbd4f8a7d848da5381ce699e327b311bf3c;2017-02-01;1;2;February;2017;1
00e0797e298957b791efaeead7ea35c2bbc1e3c904865daa254c78c6e25fe124;2018-12-13;13;12;December;2018;4
59f6459565b8ed1e0c7bafbbf6083e7048c31bd569fcea653e5b1e648c3b1b52;2018-12-02;2;12;December;2018;4
0267de22c468214733f40d533aa095eda2350ec513a7a7e1d7bb5137b8746fa5;2019-02-16;16;2;February;2019;1
d9e4a6a3ec15a5b241ef87b54a1cdc8c6e422c053e7854f11a6c6fa8e379fbfd;2017-02-20;20;2;February;2017;1
53821b609d3b1cb6ab7ab5bd8a4623e2a1491e69b5369e73281c33930f9a729d;2017-05-09;9;5;May;2017;2
435ba7160ab6fe2e1210b93d4319728901251c5b9a198284aaa09c9ada6e0e75;2018-04-22;22;4;April;2018;2
d907e3d92cde37ae139806e1eed545312bbac9a69e7674ca9528ddc268441894;2018-02-13;13;2;February;2018;1
4f0f702ddb4ec360118fef4e14befae04ef5af1e1f4f4dc97b04c315d705cb87;2017-02-02;2;2;February;2017;1
2a6ce4cc25b1030c6e2412bde51816536f14ed127eb7631a3bef443bba97d5af;2019-03-03;3;3;March;2019;1
29829a95edf0892313a93a12b2bbf9af239779963b26df2d467eb66ab382636e;2017-09-01;1;9;September;2017;3
4f64fa36e43bea947d475113aba7dd327cdcd9f0492c40c6d979bb458bb1c79d;2019-01-25;25;1;January;2019;1
9112e7f6d734a957fe5529162da34ba2d128bae204165b9ecb69ebf59cf632d0;2018-04-14;14;4;April;2018;2
b72fdcf15bef9d704c22398aab6afdc4ac81653c401ced6fd9d40c573c0b43b6;2018-06-07;7;6;June;2018;2
72110f4963c60e871e1b13d1435ceffafadb61ca13312cd892bb90cd30c55ed5;2017-06-08;8;6;June;2017;2
194210db5178158aadbf4813d27fe576599c2c70b83365cae83607e08721b945;2018-05-06;6;5;May;2018;2
1dfbbaa87c9b0661b0d29a6d980395a07ac198f946968e1b962f3084bf196dd9;2018-08-04;4;8;August;2018;3
57d1c6a838cf418a8391c93b21ed10c2e880af7a574837bdc607ac8ba23bb363;2018-02-18;18;2;February;2018;1
edd3983499e8683ede39f8dd3d6f22358373be7fe72ee39b63a1ffcb4e1c86be;2018-06-03;3;6;June;2018;2
8e934370fb91fb2e8ea4a5b5dd52c243b63496a7dcb24b1d7a60e20d823fc6f4;2018-11-08;8;11;November;2018;4
1b1554227b928400ce7d87fb1271eec07f4684c534b57180a75f58a24174c01e;2019-01-11;11;1;January;2019;1
0686b8c4369a106baad14b45b8cabcd2f3f90413ac39d1c39afe628bebb1ce86;2018-04-06;6;4;April;2018;2
372abf93c97b2f1ca41d38b3d7e748262c1e6f46541c1a85f05a1dcfe70c5cb2;2018-02-23;23;2;February;2018;1
0306d53d691669e3e70d99f7e31bc5e5db28ffcd27205447552c37864db9f945;2017-08-17;17;8;August;2017;3
555d1ac108f9b00df4678962a0fe53d8c68b3e1ad4e9373c69ca340f51983693;2019-03-01;1;3;March;2019;1
0b9dbedc1d003053aeaae4d4b0e8db0e5a10df7a7a90130110e857154e2f673b;2017-02-09;9;2;February;2017;1
c4d9172613929dcda5d0c76d1aa1aac93d2a4fca27d38bad765382d6f48a85e3;2017-06-09;9;6;June;2017;2
e5be42372a30e787363c68743917d7469018bb30fe1f5c2453592a39ed9ed7bc;2019-03-09;9;3;March;2019;1
9adcaca8d4589cbc44f7a4712261b95b6bde39d8a0941afc8166c00aec5b5dde;2018-08-03;3;8;August;2018;3
1cc54d0365e37e27861f19c0928e8fc7e9c366edd9266d5a708a94dcee4e458f;2017-11-06;6;11;November;2017;4
58fb17ceb609b2ba4953715e448e926e9a04c8a2542bce5ab6823be7c21fca27;2017-12-26;26;12;December;2017;4
7a0fa6c62a1e82529d69d12ef13648d72fc0759c003d4a00ea75d8c58c30b5d9;2018-02-05;5;2;February;2018;1
b5713da7bedb198663ae81f502982bf0fcb6a833356b28a2b8c9ca95e624500c;2018-08-10;10;8;August;2018;3
9ecd01afa2db99360b7fa1c24d1b4d4a2a480fab57c4275d3c22f8092114f0d1;2018-08-18;18;8;August;2018;3
19969f51364cdefec8f42d447a95e6406df4980883e3320e99f759df3bac9e1f;2018-09-22;22;9;September;2018;3
7593b998089029312859842626e27f1298d1e48c3e5309e13380aef585c20fbf;2018-12-14;14;12;December;2018;4
30253148c291d4e4c2341a11e1b2a00e12355f41b593f720b788880d137b2047;2019-01-18;18;1;January;2019;1
6d830baf55ff61b717a17e217474f8b26852f4e14f46bb6944c45a2f6b62177e;2017-01-10;10;1;January;2017;1
80fc9c719bb0440fc73b93ccf4697e277b9ebd44d1c1582ae7459ee9d25b8b74;2018-12-30;30;12;December;2018;4
9e29b9db87b174cac46eded7893adfcca108ab8739428593ca49d4f65829a72d;2019-02-15;15;2;February;2019;1
0a2a47390ced9851176f535a336bf822f3b3b2acae71a2608cfc3b4c9ee8575c;2017-11-22;22;11;November;2017;4
2bd53f207c4906560a26e192658674766ad82202bd992f5e602c79e4dd0c4ede;2017-11-08;8;11;November;2017;4
279c31b4aeca7da7705c68f4878d54f875d7e9e115c72da1c7b051edc30d94e5;2018-09-01;1;9;September;2018;3
daee958927485090cc0d6218ffd97933df0a76d05b2722c9eb3042b68ab16b2d;2018-11-22;22;11;November;2018;4
517e435b0620112c124132c959bbd46afa46d054ee284c6cae5ae2bbd874bd82;2019-02-24;24;2;February;2019;1
3813599bdf7e23a70c0831825ea2e0c98069cf5f9960866416fbe648fc28136a;2017-08-03;3;8;August;2017;3
b3268a26a1a62604b7ccba00b8192966285f45b9265354a28f1924acfb2602f0;2017-11-15;15;11;November;2017;4
c87a4fd1ada203a2839d997cfaee20fd33ef71b5d6a1cc09ce3c11e8e03c8761;2018-12-29;29;12;December;2018;4
7441350884fcb2c713647f4477999e6fec7fc1739225575f9b93874152fff4e1;2019-01-22;22;1;January;2019;1
dbc1ffb2a5a0f3371fc6322b51501360a6e879f1a820f7f61c9a5ba3a7eaa2ea;2018-03-25;25;3;March;2018;1
343357f775ed2aa94efb6f2f422337c713b2778c38e471f9f7f6888731e1dd40;2018-08-16;16;8;August;2018;3
1f7e2cc82a18141b31748ac964d8df2e1b7af24063210031457cb16ca3629b3b;2017-07-03;3;7;July;2017;3
ffca77c43d2d331e30cb7f8df30a5c4f6abab116b2e1b277ccc67ff6a9238f4e;2017-09-12;12;9;September;2017;3
d0ccb83c1df2531a04c5824311034d52b26c62e42b06f7763c07a9a4af02b339;2019-01-29;29;1;January;2019;1
780b6e938e9f0df25d8c28ceac895e836fa806b87923bdfb146b9b4ab1832b4b;2018-10-28;28;10;October;2018;4
705fda4914a1cc1b5b90a5df5f1c62d6170e5b4ef0f564ebb882db1461b56a2a;2018-08-05;5;8;August;2018;3
f8918dd431fc528cbe17ed17049abea145858c78598ef17006f8c1f552760863;2018-10-14;14;10;October;2018;4
c0cbd61653bc6c06d924b77cb75baba894d4a8a499cf13914b1051ea7687317f;2017-12-07;7;12;December;2017;4
5d750d282ae8f025a4e727934454193fcf4ca305f21d26c440ee624a26ddeb38;2019-02-18;18;2;February;2019;1
319a2402f2167bededf0ab2ea13eed6247cd7d8fbb6921df9588ffc3ebfc564c;2019-02-25;25;2;February;2019;1
fe58f157b13b172702107acc1743af5a9a3a0763cd3a6bce20bcca1b7f113c0b;2018-08-12;12;8;August;2018;3
d3d0854a1b8522c4814c7d823e42e5690608ee0c97aa35b19a5d3e0bdac855c6;2017-08-09;9;8;August;2017;3
ccd815428418894c980d012378deef0649c66fead87ba7c527cf6d3e036fbde8;2018-02-19;19;2;February;2018;1
d02bffd57142c47fb073f4c3898715e7b2bdf985e5359e014fcc2b92e252ac17;2018-03-03;3;3;March;2018;1
6ac4aa18d2b7fb656c3af078eb390c4a8d6423d58c6f78f1e62720eebc76282b;2018-06-08;8;6;June;2018;2
1b86d0ef3ea364e8c3bf5bcfe758601d4a737c401d742d48d07d6d472ea20806;2018-11-01;1;11;November;2018;4
4f4f340b3bca49c6d8642d3b2ee5423dd92af6b38e91baa8ca8aed0de28be598;2018-01-21;21;1;January;2018;1
2cd1d11e39c15c04a1e5705f3632bf10dbcfe53818aba5870dfa30700cfdcdf3;2018-02-04;4;2;February;2018;1
a48f071e28153c00321d836459aea9358fe99f2920d415320cb12ae9b40edcb1;2018-08-19;19;8;August;2018;3
c9a4363ed710cdf877e7a769d06a9b6c5992c8cf93f73f5a297670456519784f;2017-07-31;31;7;July;2017;3
66a5449df115e56aea198d9aa2f5a90b8cd953430ab7e33fa9fe8a06a19e953c;2017-06-06;6;6;June;2017;2
b63e84f5d9be18335b834ef8ad14c0e2bdc1342962c16b32adb3752869864dac;2019-02-01;1;2;February;2019;1
bb64bfecf7072389942a4ecbae69c5dd84e9435a41d635998e9397a25da041aa;2017-10-11;11;10;October;2017;4
9db4840270fb63ebb1f0ff9590109fa0fed49ce205401221b8c3bd1019b54b6e;2017-03-28;28;3;March;2017;1
f9fef7b36d4306a40952f3655abc2dc3b6c0554f97fec331ae8d27af2148ae4b;2019-02-08;8;2;February;2019;1
7e169ff85fe0babfb8708a8e3e7a170c86fc31b5daf1a9cff9a549bbee0c6542;2018-09-29;29;9;September;2018;3
cf3ea3b1a86551c83810170ca8fbeb9edae6307331bbda87bf55bb19a7e79193;2017-11-28;28;11;November;2017;4
99c4227f103568fb239c5d0d3aea84eb6bce6dad23b893211096f39fc43cf76c;2017-12-22;22;12;December;2017;4
ddc11c81717958116920524f374aba4ceab0a84b44cdf276cf1cfb2361b1c838;2017-06-17;17;6;June;2017;2
7f12cdf67ad266fbc48ac7857e8466fb44cf24cd55c47ed33d264773eccdc64f;2018-06-02;2;6;June;2018;2
9988c74f238d07d62ba965b1516eb15f68f056515c0edbf24380501f4431e742;2018-05-10;10;5;May;2018;2
18e78610e5469f86a1dcb533c9244d86b200fd9c93d08159e33b21e52e75419b;2018-11-15;15;11;November;2018;4
eb485b00314c693c0cb30c79f47a176e350e485e67a12835a605b3b21775bdc9;2019-01-05;5;1;January;2019;1
ba23b3095f9d116510c7f2f6476b87cd6ac9b7e847791e49dfd24058926bcc71;2018-05-27;27;5;May;2018;2
d6cba2d5442e797fb89a761a2928454f367eb4d761dbdee5961546342b564019;2017-02-13;13;2;February;2017;1
20221c41f557accf3193868c48b78f5903401ea568768bd6302f1c15387f0016;2017-03-31;31;3;March;2017;1
f9bc89cb363f2e647d9d90ec594e17b02e268ed99abebd34ff57b031057e7f47;2017-05-01;1;5;May;2017;2
43607980ba03feda66c652d59b9cf3498fcf03103590c0b05de643d7ff26bd12;2017-05-17;17;5;May;2017;2
083de70af9183a40898dbbd088716e59359444f5fa4fb59fff49b9a686d99a37;2018-12-28;28;12;December;2018;4
3461f944f5d63146d132c1a9f707bf62342e2cf2db678ec1b29cd27e249d78a0;2017-05-25;25;5;May;2017;2
f4bd1950fd5e13bf9c0a6afa18e1ed1f2c2de9fbb175d200fc776b3d62237850;2017-09-07;7;9;September;2017;3
cc759b3b37718e219ac20f94d603454609e304328a0b4ef4669746188865fdad;2017-11-20;20;11;November;2017;4
7e395b36a1e1aa1b3fe6bd79378c69bd60585dd56d9b7115ffe670d244a6a6a6;2018-07-08;8;7;July;2018;3
947e77f831dc84d5e2ce364a04ac78e7c3450a5a07f3b937747a8c759eda6a69;2018-07-13;13;7;July;2018;3
52493187d874b87a4a587d7343142386e1b64e04b287294a7cc605a5f870f64f;2017-05-31;31;5;May;2017;2
bd44fec65fa0d4bd1226679554329f90e88e04b491bf63992360a8e061e881dd;2019-01-06;6;1;January;2019;1
33fe88de037146a1215245527f5e64429cb4fb737de454ffa24e97ff4ea226b5;2017-04-28;28;4;April;2017;2
a96873502f544292eaff0ccae2abae0861fb43516b025dad08ba761a89ac5d60;2017-01-31;31;1;January;2017;1
6c7766a8405d9912476809fd25f99b86d8b793c47fe9bd5be39cdc28efee57d3;2018-10-01;1;10;October;2018;4
d2700b9d97bf18c9f8486b90a8dfac7784ef641388bbb18bb8906ddb87600573;2018-05-25;25;5;May;2018;2
ee1f36ca7365ad6afd2968637df82320695bf42566f920c8c1a80b1cc55b79a9;2018-02-26;26;2;February;2018;1
14c9c099bdf419abc824aa3a1cb078d64a2b8c46597cbe9d688f71b7ee5cf5b9;2018-01-29;29;1;January;2018;1
5b2c76460212085c5a60c45078e9a502bcfcdcef0e7a8c1575ff30dbc9357532;2018-07-06;6;7;July;2018;3
560c82aff476c46e18c985b4cceefe0fcb1f4316918d75891865e74e0b059481;2017-06-26;26;6;June;2017;2
7cd01737a2c7e24d579b089d9c8c75fbae024152d5dbb40a3ed25db1972d1d53;2017-10-09;9;10;October;2017;4
428b66823e69549af0a137c4b6d030a1bfa1a32f2642f9e8414016c6af9c99fa;2017-08-10;10;8;August;2017;3
8d008f0a2760e94b00fbcdbec6307907b290c86def01257845d4042e52fcebb6;2018-09-17;17;9;September;2018;3
bdabea460d4bd6229e621fdcbc388af9e45bf993f617410ff472a844cafc3d5e;2017-09-27;27;9;September;2017;3
ece9da76c0000109bf3a9bcc3720afc7dbaf93b86d726b36b6db49cd29c04549;2018-03-12;12;3;March;2018;1
ba6d1443c785f9e85c939802a4fb787ddaef39785a62c6f5dab57f035b6249ad;2018-04-23;23;4;April;2018;2
fd7b5e280f50937b1fc2d95e46d07587a5eb952dd2d0770ed13b8d8da3a008c3;2018-12-24;24;12;December;2018;4
153b8a9df7c008e89a4ee405c146e64147748d2243db3b1550437fb513e21390;2017-08-18;18;8;August;2017;3
0e90dd54ce3e02be5e2b634b95d3cf664f0217e7c6ff4d157b7bc3cb5e66cd3d;2019-01-08;8;1;January;2019;1
873badba1eaa7adfdc4dc7b6d22a4f9c6e05f3befb1c8102d5403e3a1c9a6eee;2018-09-02;2;9;September;2018;3
b88d5abcfa6afc37234ff080d77de6c79677fb118fb6b791e4ddfeab55bed78c;2017-03-16;16;3;March;2017;1
c1c104e00b794dd6378db7d646a6c6f561d713a18cfe1a676c90d0c25dfb3942;2017-07-28;28;7;July;2017;3
c296f183ad95009884fe3a15bfdb848942b8c1e102ed4d1afec6658491c7ec18;2017-10-23;23;10;October;2017;4
250295c1d35d0aa0d0dd96e4761581811803f2d10c1269a928e8ae19d8ac5c46;2018-08-13;13;8;August;2018;3
939ba80067de70e96ab410bf09e4637a35ddadd6fe7a1e753b855cae556eb5d1;2017-12-27;27;12;December;2017;4
7a6c654c86a084710dcf31ece2d230dd2b0b8b63b08962deb541d43d9cfdb810;2017-05-11;11;5;May;2017;2
7d962d8e2a5c021e6a7be867352be9a38c554395d0088a40b3cad1d288abc011;2018-05-28;28;5;May;2018;2
7e512007235380fa6d81b2af45a727935214b9b276b96984cbae7444c02b9b98;2017-05-29;29;5;May;2017;2
68ac60d47559e0c01f44dd321a1e526c4e2faeb62a2fba1bd759a417a62732a9;2017-07-07;7;7;July;2017;3
fed8134340e57468c95ca4160a9f000bec9b3a184860757fe41c759b909ea1cc;2017-12-19;19;12;December;2017;4
2506e84bdf9049615d5afd778ddbe3b5525ce141ba26cd2b61ef7dae720c8fb7;2019-01-28;28;1;January;2019;1
49910192fb8f0730037916d7754d470d96ff19b17f30667d7fa411da720efe81;2017-02-05;5;2;February;2017;1
873f5d363900901da59060104306f498ec2d1bb7175f5d32e76fea905d1b8520;2017-03-23;23;3;March;2017;1
10cee5782d3cfc9483b74cf2cfa8ddce6cdfc5a5417445282d587a81587fc7a5;2018-12-03;3;12;December;2018;4
f28f4979da5eb080f9a448c26dbcba1dd94558f8b1bc7987f0972b5e1126d03e;2019-01-20;20;1;January;2019;1
8ccdd56a1ab7de18854b8a323ae3bd1cc53dabb9cecbb80c39caeb29bfe55dfa;2017-04-18;18;4;April;2017;2
6c811afdd5793280aa02c820027f47348111dfca7dfed91ae154adb86582e068;2017-07-27;27;7;July;2017;3
d9c40cb81fc4bea842381d866c4f6b41a4686f469f5775300b3389dc81db7861;2017-12-15;15;12;December;2017;4
acc49401eb6315f3a41bd448f7ca54f740da6e4c71eefdb488b47e0f4790da41;2018-11-16;16;11;November;2018;4
af512baced993843bedb64f52aec8dddfe06682e73be026871b3c384543c8e5f;2017-01-18;18;1;January;2017;1
411b4f391ab143b1a648684ebfead77a5ebe17073a1d05644ca53a1b05bfa125;2017-03-20;20;3;March;2017;1
4fc673e9f94f11379d2f4469049398c748f981e5595868b741f5db41c882c7a4;2019-03-18;18;3;March;2019;1
05f882c9153109c03dc2deaa1a22c028c40c88f3210ac6353c770e5fec590f40;2018-06-17;17;6;June;2018;2
f4751b949bd547cb4e7b14ea082876c7fc1c291d9d47a1e5f942f59f7d235e7d;2018-06-01;1;6;June;2018;2
6ef51733fb0af761a2b1f9ae0e46ecbca4a2b116ae40602305ac39dc4e7effad;2018-07-27;27;7;July;2018;3
bf706a1387e67f2a3c81686af145a7007c14abddab42efb143cb77674d14c5e7;2017-06-27;27;6;June;2017;2
899e8054cd80cd082597ccaf1565c31a3171c7b2d142ca7c9aa510d3407c41c2;2018-03-11;11;3;March;2018;1
dd73fba4d42e142cb1e9c5f497c90e6153f0a817a0aca8d8faa6ae6bf923621c;2017-05-16;16;5;May;2017;2
541ea5743d211ba59c34dd38d1bb89c858c684ff90233c598f3d247dcde38bd7;2018-10-13;13;10;October;2018;4
2c07084e3d5e8cccfaad455f84630cd61fa905ae52984e853ea438bdaa898b1c;2018-08-20;20;8;August;2018;3
4aa25ea7d3d9c6110fe6eb332a16c79cb72c25455268d4eee3713522619fb884;2017-09-06;6;9;September;2017;3
fb35ec7eb188f5a0c34bcfbbda69fa8a38fb7ef88d0bff7a419cdbbc8eebdb84;2017-01-22;22;1;January;2017;1
7d4bd1d67e400815ad96f7da00508bc2eee90de83d690710dbe2787baaa60dbe;2017-03-29;29;3;March;2017;1
871307c95f2c8e908b8d38490de9a12c6ee82080c75944653bac9c5f3a9d5cf5;2018-12-01;1;12;December;2018;4
0651929374a82c1278c687777cec53b2f49e1dff97d4c6bab0f35fc79ca25d29;2018-03-24;24;3;March;2018;1
de7a78182ac24ba55f3780998e321e10c13359934f2a6275dcf1f8efa84e2b15;2019-03-14;14;3;March;2019;1
321a484af5f676a6a6e935067c31b79a11bb36f0dd257490297279c0d16cbc11;2019-02-03;3;2;February;2019;1
7f68ee7c91e6399316bae8f5a74e19c9d9e195e4ff9a1d33308ddab8ad5a0e4f;2017-11-24;24;11;November;2017;4
eb8cae7f605db5fb1534d68c07334ebe47b23775d49073c322a4d93504eee704;2017-11-30;30;11;November;2017;4
b741c60343e97f07b81a5d4992faf55ca94cdc613ba3937555301f78534cde2f;2018-06-14;14;6;June;2018;2
dc24f661ec74e5553874d3328edd6284c7e0a6cafd66fc88670de528057fcbe3;2018-08-24;24;8;August;2018;3
f7d9068151fb8a1f9f17c246de84db41fca3eed2578e3f0fa57222605d1e3ae7;2017-03-10;10;3;March;2017;1
ead893075dd41c33c7837fac993a581791c7f3d3f94bdf71789fa07c610c316f;2017-10-17;17;10;October;2017;4
44732e76850e64f1f5385c967c0c4e5b780ac210b20021bee6a0d0d7e74c1b61;2018-06-16;16;6;June;2018;2
8a10277c465132d6dd3482c340afcd2269ef12d15c051e0344ad1b49438024a4;2018-12-16;16;12;December;2018;4
a6da74f716558e97984e22cc1c7da016cc37f3f4e2478950aa3a49cf6feeb130;2017-09-15;15;9;September;2017;3
95d7ac3176393efc822868c5643320d426292724cb8ba3e4d78d57b54f5d623e;2018-07-16;16;7;July;2018;3
61b4d89c309c1e8728112496da2ebc34b31ee486edb31834d82637a7bdd9d158;2017-12-31;31;12;December;2017;4
62b96fdb763d82102f790ac65923a4ddb9a2f52718e1207883c69126d2fe7d14;2018-01-14;14;1;January;2018;1
03450c7ebd8fd711e880197227ad6f6ec73aa18b683441e687cb503890251af9;2018-09-03;3;9;September;2018;3
9b98a39f8d7ad5042022ee77cadfffb485c0c1f680b852e7fba2d1ba637249f1;2017-02-27;27;2;February;2017;1
fc18a7fe6cc86a7d66b6f1d4988c88b96feeff90c701ae1ed8135ddc9524b0c4;2017-01-30;30;1;January;2017;1
418dfe144aaf3884b8e4e4d2d85ea2c2bcbdab54ef45c96eab35cfbebd18f8e6;2018-03-30;30;3;March;2018;1
11a552dfce58530d4f9b81879e23586cee2deddc3985ebf01a7816a500d17ee2;2017-10-16;16;10;October;2017;4
5991b7a483b9c03f24b8aa3b9852cf9c482502d6dda04cc29c7622a0c3870ddc;2018-02-16;16;2;February;2018;1
6dfa2451e1f40ff9fe5cd40cc7706e777d76389235f1c8d688f7e205e2aa5082;2017-04-06;6;4;April;2017;2
19bf6cb8cc3e8abfe0d17c63ab66c61719ce3c9e8f029e5a3c6bee94c2b52bf4;2017-02-15;15;2;February;2017;1
01586a932c63bdec53a0507dc408ec0e07355ca3cac2d257b02088d9df9d4165;2017-03-24;24;3;March;2017;1
25e66aa6c7c7c37225c168e312fab4ebc3aae54ee2b73ca8de24fe7b516deace;2017-06-28;28;6;June;2017;2
131c2fe97ae723f83ceb9e39e3c2560e386f28def0365334f848d13566a9c85f;2019-02-10;10;2;February;2019;1
d7dc651e5ed68e832cc199e4226485259bb9195f05bf132d0562bf1c6b01e35f;2019-01-14;14;1;January;2019;1
a5ec9360e145f77326890299abdae62ff5a8c5aa8c043c235ca34400c4444b1a;2017-11-27;27;11;November;2017;4
119b943c7ef950a28a2035b0740469ebec619d2848f9b97ecc8d46f5151f392e;2017-01-15;15;1;January;2017;1
44c99c9d62080775930211280fa986a15de53e750fd5e9991977481ca636ffac;2018-08-23;23;8;August;2018;3
8075022319801ab3beec166d7334b34b07f12258bebb1bbab512b11249c875fd;2017-07-10;10;7;July;2017;3
8d8eede2da005c9b76fe753dbf8a4d531e7e86f2a76c5a3ab311dcac5fdf858f;2019-03-04;4;3;March;2019;1
a25376ff1bad5a071ffc750d785de8912d7f96401026a0ef3f8f38b500e4171d;2018-07-26;26;7;July;2018;3
556da0a25e231d6224bb416bda6f5251bc46f062fbbe97cbc074dd3c7bc5fda1;2018-08-02;2;8;August;2018;3
4bd2eab0929f53d33be724e3e318ad4f7d47a8233b7fd70b500a312cf74740fd;2018-10-19;19;10;October;2018;4
6ae8b86837e296bc2dc5932329a31fc70bb2c12db0bd354c52daf2a8f99e0c3d;2018-10-05;5;10;October;2018;4
ea2243614423f2f4ba2c7d0c28c8fd9922744b4c6d47cace52cec5ddf1f7dd8a;2017-11-23;23;11;November;2017;4
95afa37e85445f438f47bfc39b0c41d76face8f47c0f6f122ff7f7db47cedd21;2018-07-21;21;7;July;2018;3
d7b88f861fd4bdcf415b98f496a0f6114a5bb51fda8b95734a8d62a69c02e802;2019-03-08;8;3;March;2019;1
0f5e75c327ff4c2aeef98a3b32a76b7d8802b287a87696ad6a77dd38cf626fdc;2018-05-14;14;5;May;2018;2
b86bb74cc9d494ec161ed44f2d8bb7ab69ebed592ee0a8051c87f5ef27bb9320;2017-10-24;24;10;October;2017;4
b2cf8739c673d702e96221df7ff60361bb2351f9aeb4579472e9026d96f4ce18;2017-03-08;8;3;March;2017;1
6e03ac6e3dc759b3f7997e683ea1c151cc3833d02e9487de951a1ca885b60483;2017-10-04;4;10;October;2017;4
403629cbd8fdb2a7e11c64b5696daf325ea845ec2e3ce964fac8b472ec5edf4a;2017-09-25;25;9;September;2017;3
9435351af0ce299fd45c3b3960dfd260c9cf89f67e562b4d5b545022c8ff0731;2018-09-27;27;9;September;2018;3
d58de801dcfcb6546b0690cc98aaecc9911fb82e614eddd503c8139cd71a876b;2018-07-28;28;7;July;2018;3
e3cc33876c19d0c87955fb01593e06117252451920f303884be85d44fd529fa2;2018-08-11;11;8;August;2018;3
0fecca0b8f0344c415b7037ed62ab5ae9cad0a351f9d2fce35b10299e6b726bf;2018-10-27;27;10;October;2018;4
f716bf7bdc1d4e335320d7c9bdbe2637c8e95fbe9fdcd1000498a1a152de0eae;2017-08-08;8;8;August;2017;3
96320480d1724621e692b76a8447b0eb65a8356429e01b99cf3632ef16739462;2018-01-27;27;1;January;2018;1
f39a78b43896201c7a0ed129ec2c9acf0e7f32f64e71b372ecb4f69f26788ae8;2017-12-21;21;12;December;2017;4
8b07f4317a5d550bf28f563336a27e7b794f8462f12ad601ab36a6e8989e95d3;2018-07-09;9;7;July;2018;3
fed31e7be4d60fffc49672729772cbb6d90fda9a7a36af04ade14f283babc9e4;2018-03-18;18;3;March;2018;1
744c2f6dbbdae8292fac21327df4bad620eeeb5ec9ce2f5efd0238f9a6127802;2017-08-30;30;8;August;2017;3
20ac99133e54293e4c4bcb84671a741045a7076b09606895239b479a407d4cfa;2018-09-21;21;9;September;2018;3
0677a949fd0ff054fa19002f5591c012430e706d05d99cfbb6e4456933fd9f70;2017-05-08;8;5;May;2017;2
7cfa51a0021d4300addb797d7db0984cb1b677d7641690c45458280178be37e1;2017-07-01;1;7;July;2017;3
934466c7eff97ce937f6e1864258c0d874424dc30b555b3332306cfaba929eab;2019-01-01;1;1;January;2019;1
cef41f3cfaf3df0988574d43dd6a7a272a0bf156ad8b27993cce84a089d32869;2018-01-08;8;1;January;2018;1
29ccdb3b6257c9ca6688a15c8da3815a884e835e1ee20025fd6efca44bf9d019;2017-02-23;23;2;February;2017;1
a6dcd8d01a11780e98218c68cf4a6c12e0357c06443f0a6cbbf5ec719d349416;2017-05-18;18;5;May;2017;2
b8308a531653e22c2dcf9036d3b84a361ee0a7bf0326228fd58a076a0cf699c6;2018-11-24;24;11;November;2018;4
404a5a2125a2331885f0fd2576186b292d1d888c82fa74ee95d450a2f549181b;2018-04-05;5;4;April;2018;2
a0e1acca842b2a2dbfa9b8e3b9e853017a366f7f30e4642d8ab4e22206744828;2017-10-26;26;10;October;2017;4
0332578446ada7d56c55c1bb292f0a82530ef69b62b7aadb5a50271e2e2ccc32;2017-03-07;7;3;March;2017;1
2a944b40d6cc2e7f33c0d229d9b197affd49fcca202d1740d29be15e1a2fbc5f;2017-08-01;1;8;August;2017;3
a220069c6b6868c497b978f2cf5cd7c99ec625944cccef79f247b21869f5c98b;2018-09-09;9;9;September;2018;3
046790084ead1cffb7349862b982996e4e6ef84f2f8eb824cf02f99a3576aedc;2018-07-22;22;7;July;2018;3
642eda918d5a521ada4ec6415535f0d54ea22f2f2e1200acb9967aed5362cfca;2018-11-02;2;11;November;2018;4
e0dbbfa39477eab34e4f148afc039c5b9680f20ba9a8759ba724ba42b693ee6a;2017-05-19;19;5;May;2017;2
d377d79fcd61e88f89a9d2968c75d327617b47fc8e559b9f449b81df68e922d1;2018-02-02;2;2;February;2018;1
abc1d2c8d730a0e5db8e04b1d7ad37c04625a33091e20e45f8f10a4772ed8142;2017-05-15;15;5;May;2017;2
b9c08f00accab5171bb18ffbf4213abcf395c188bdf98ec0d8c4af70f13f4b40;2017-01-26;26;1;January;2017;1
bbdcd87832d756b7120b240926f1c7ba0537329a3fbd4dfbeab158ed30a78043;2017-11-21;21;11;November;2017;4
63386c5de951f4779f6dc181e29aeb253332268b11a69f125dcb897bb1ec13b3;2018-09-13;13;9;September;2018;3
08ac7ef9f92c81bd55dd0d8d8e2bf9814ba8350e7a4bf05a5ec4379a131807f1;2019-03-07;7;3;March;2019;1
4aa3b498206c47c5159baa0c8781c859a1a7f742f6b7674fcb4d62b8dfd0527e;2018-02-09;9;2;February;2018;1
609bcc1f4378e8ab2368e534a2a20fdc2a48d27f26b71839c2c240fbeae6c870;2018-07-20;20;7;July;2018;3
e9eeb0211791c349ffe9851238f7164e5aec10fd756eb0a59778fcb96de10c4f;2018-10-04;4;10;October;2018;4
082a37f9ee5ef2da286fc03407dcd4fd4943744fb418cd530412b120692b0719;2018-05-18;18;5;May;2018;2
d9f6ef1756dc83811f817fdb0e7d7eaf873e0653d6e232ada6d158741868da7a;2018-08-26;26;8;August;2018;3
1eeae28ddd2db68bdb9c5dc6657de792ecf759cdc895bd9f37e3724eae2f206f;2017-06-16;16;6;June;2017;2
0933268def79729923a0db02312d261d09e965df07bd063a4abf9b3248b6f7cc;2019-02-19;19;2;February;2019;1
e868e33dd80b187174e74f5452b40eb9c329d68d8df50be8bca7ec41494f2e8c;2018-06-30;30;6;June;2018;2
c5089e8c6a80bec5e2c69a2f5c246c313528c0c84c96d2ad79b9cd05222f6b0d;2018-12-07;7;12;December;2018;4
a1744ed16f94e291abc8d191a206a5e12c16b77644e627d62b4ef6cb2ab5e4a3;2018-03-31;31;3;March;2018;1
ae92c5a65eccf11b25c76831688a0034bf1149dfc1350a237ae3490bce657363;2018-01-23;23;1;January;2018;1
8dc7c0869482fba02ad34fbcd90ee437e53bf00771b18abf69a8d34344968a00;2017-05-24;24;5;May;2017;2
76e08755fdb835583033fefa9c5e6fcaf0e6a2a66d39b8d5f08f55cce3878811;2017-07-20;20;7;July;2017;3
234615bbaeee70a926de4b620c6830c1a04bca224677e2b5b4ee1e5eed2c0002;2017-11-03;3;11;November;2017;4
8783e075862fa530b088ae674ca16ae0e161b53f2eabd2461b3ccfe4921c8c27;2019-02-05;5;2;February;2019;1
b8cd642ab4ce89bdab0662f05ead53c6c69866e5cf29729b45da208b4806aa5e;2017-02-19;19;2;February;2017;1
e7990eb81ab0edc7d0f478977a15773afb4a8b0026b943b67cd8b7cfecb4b531;2017-03-17;17;3;March;2017;1
019d137b21bd6d695d7a120300a976da03b9cf4099a94e6aa7f93734d9410c42;2017-10-03;3;10;October;2017;4
4bf20754dbde946496efa1b631762193517bf92e614a09cf9c0ee3a0b19bc509;2018-10-26;26;10;October;2018;4
6c5f2919b034ae951f935505f812780ca285a27524e35eaadafa018aa6a9dc1a;2018-03-10;10;3;March;2018;1
8617f9113195cb9222615bb014f3ae1c7c1d137671b3270be601304edfb43956;2017-07-18;18;7;July;2017;3
cc48eb37083282309343b6c89f36eec206d36b3b1473a808b4e825e37f75a8ed;2017-12-01;1;12;December;2017;4
607db8ecd4df02f331a8cba5ed72dee21bcc83720c09c0a307c805b69d908443;2018-07-19;19;7;July;2018;3
9174f81c94c9eff772a12542c33dfbe5c1a35ce71b2422e460ca5629de267494;2018-02-17;17;2;February;2018;1
83bc2e6a62de2ca577cb189127283a6c5c6d62cf643e02be760c669513a2b382;2018-03-17;17;3;March;2018;1
5cdd941312690191d3bb621658ff10d0a00bfe8181dc41cade7b944743e2e105;2017-11-09;9;11;November;2017;4
94eb28f103c4d84440df8a23eb64ab9937d90296f80d13df7df06c33208b414c;2017-05-23;23;5;May;2017;2
adee70f3f5ce801cc0b3fbfa0c3105063256e0a98f102f68fac0bd701b75f7f3;2018-10-29;29;10;October;2018;4
5057004e000ac0e044a8684d134aecfa53f3ebc6a5de8d5710bb4bccb37fa18f;2018-09-28;28;9;September;2018;3
42a8e580273ae9b2784af88e93fe5f6939f302fc44ac43b453a842f694f862d4;2018-06-26;26;6;June;2018;2
985cfca5324ccade41c8c861007639b7a260edaf8c882fac2b4340509695cb20;2018-09-20;20;9;September;2018;3
64167804bad24602f43f35dee39d55da15aeee02cb73b65a81bef6d70027ef5c;2018-10-11;11;10;October;2018;4
e61d69e862110c6b048349f86988baf68b19af41d6513a0497b17c86ad23f66e;2017-05-30;30;5;May;2017;2
77cafc1cc155e781e78ac36c4b3e843bc2a0482a6f0d21436d3eeb98e09c3c94;2018-10-15;15;10;October;2018;4
5782344ff7de6fe374096868bedfddea35ea2adda36e8fd782f3d56e7b91ab10;2018-06-21;21;6;June;2018;2
a9225817d936769edbb7bb6f88b25fb1f558e3199ec664292b5c7c2779649194;2017-01-09;9;1;January;2017;1
838d43066028c0ea175e2e869afd14e7225a539900b126708ebb9ba5e1536372;2018-05-31;31;5;May;2018;2
48f7144a6edfec551dd654d50b7341e9f6bc1e995e0c10f8813c774949e0f784;2017-03-03;3;3;March;2017;1
d733507c28a293bb4777a4660a64284f5a8ff2085fcac88ff2d7296623e7c8a1;2018-06-23;23;6;June;2018;2
ebe44d4047c42338f4f5bcc6a7e7cdb23bc069030e3d86a2705c4c9fb68853e9;2018-11-29;29;11;November;2018;4
b1baf8d56d115442899bc33b6bd04a2a2a0671b6c1e99e71d8a47559a456c369;2017-12-06;6;12;December;2017;4
408696cb719bfde538125a7b2917fe0d2d3abffadf6465b3e48b710a74ace6ed;2018-10-21;21;10;October;2018;4
90894b13c4cf99533df1360c1019a04ca2d493af1434a6380dc041a978d4f08f;2017-05-26;26;5;May;2017;2
d1c54569fa8b3456cd72d2abf3bf634e95459d953a175eab3972e492f43e39e9;2019-02-09;9;2;February;2019;1
5b6a93b7d2643349bb49cf59ab7b477e0f4f368bb3dcddd15cad105a0dd02186;2019-01-15;15;1;January;2019;1
7c0b5ec103a52954ee6aa894daf3ded8e77cb57702cbb9b7ed1461ed29d4c237;2018-05-26;26;5;May;2018;2
c59f72f4a94adca6d21c2f457a876a6d5ecb728f031f84406b0d43be33cec2ff;2017-09-04;4;9;September;2017;3
94157359241923cae583e57302f2b42587722de19ac67ab854fc51267de0844a;2018-01-13;13;1;January;2018;1
1612512a38eb0fe3240ce70db9cdb31ee88bda97de44706bcc7adb90c31a4fe0;2018-08-17;17;8;August;2018;3
256ae0a5817930fed00edafae6ee3dc075aae605d48824c3fcc891246cdb7621;2017-08-16;16;8;August;2017;3
5e2aa76c3c13a135d5b5a513ae56fe62fe372b2f06019089012b0d5608538035;2018-05-03;3;5;May;2018;2
04292553fa103a2feb9bcfcb7e1b25f2e1c194603d2c95539588a7841a6d862f;2018-02-03;3;2;February;2018;1
d6456a4291e9fedd6d893fff8e16379d947da6221accbdfeada234716f83e46e;2017-05-04;4;5;May;2017;2
ea73e5cbd468c3f055dc44128e82c16d1be5daf653529cbe43c7cff66872e345;2017-07-17;17;7;July;2017;3
d7c7ec13560c096c27573971d9a7741c82d5a49c60528d583c2a9d040666f743;2017-11-17;17;11;November;2017;4
b4a9b92e4390cf691e32faa98f2bcf32b148a8d0fdb876644ad77b02f1263632;2019-01-19;19;1;January;2019;1
bfdd8aa88f77844a00ebcc9901813224b195d3ca08723009df4297bd3bb10f53;2017-07-12;12;7;July;2017;3
187dc4d08a5b991872257fcb039674d023bb771d789ddc2ba64a045b01d61c02;2017-08-11;11;8;August;2017;3
d578494f150a0cffdc64ac854c4792803cd34fc06a6a7a8ebe81ef9f0ef8e016;2017-09-08;8;9;September;2017;3
315802663283f000616664dac031e016adc894fe6bfd94930ae552141d626945;2019-02-02;2;2;February;2019;1
3d8512adb94d9cf907c3336c03901fc0476625fbbaa49541fecdbee2cbfaa7e7;2018-06-25;25;6;June;2018;2
0ee86249dcdd4de506f9b0ba24698e20db0cb2ace1032b83ea188760b9ade4c2;2018-05-05;5;5;May;2018;2
ba6c84868c2d68bad4b8b101158d7dbd27e75a5d10c50ad4407872cf621ad171;2017-03-30;30;3;March;2017;1
010be907774580f67c57dadf413890ed5693593d8fda8a93034e8b8f982ebead;2018-05-17;17;5;May;2018;2
dc23c5ff31dd7825c4d1b60c77188a14daf4fda6caf0e5620acaac53a6e7a855;2018-12-06;6;12;December;2018;4
f7aba28e6f2f453ae5eca84d396f287751e307f71849c8a054949661c18b6c3c;2018-05-13;13;5;May;2018;2
a3d7b5d3fd64c85f74ba5c317357e1901ae2f67dc64e929bc9feadfed22cc10b;2017-06-01;1;6;June;2017;2
ea9a0ae0726585d8631d6ad9033cd91adf4e69a6cb64c1fd609c0b6abe05cb03;2017-01-19;19;1;January;2017;1
557bbf15c8d388c2440f8c754e64a32d26f59c4cdd33ba49aa8fd04b8dcaffa1;2017-03-01;1;3;March;2017;1
4ab86008dc4560ea3bfae0b820f89ff1d043769cc64ef86ce5c950f2e16ee1b4;2017-05-05;5;5;May;2017;2
0d53985d16cb6b5746ca2735d398f30c71e5c2515d99a5d32c38fe833a4841ac;2019-03-15;15;3;March;2019;1
c7e0bd172fbdfa4a3c25153d923f8c2b404ed513105394c1f5f894d4a995f3a0;2018-10-07;7;10;October;2018;4
fdc395cb9cdb61cce1e4fd6ab7d75acdd8e90bff1d929c0ca84bbf0a1ae2cc8a;2018-01-15;15;1;January;2018;1
013b7c5bb4780b2737d9f9b222a0e0dcad3a7b8691669c6cd4138bd1daf1b428;2017-10-30;30;10;October;2017;4
33138a2b470e77dabb8fbd7fdd533da511d29a533410d0125165b19e47adafe5;2017-11-07;7;11;November;2017;4
0d7bde25e79d734233b4a37a24f96631e3d82013007597399436fcc979c896e8;2018-10-06;6;10;October;2018;4
80f4553f78d3f0bdec8e121a8ed063f607ef1664c9dbc9cfaf7b943ecc9ab416;2018-12-08;8;12;December;2018;4
71dab147f71f99c1d8e14c3cbb7f6ee42e71e162c2bd318607a82042a9f407d4;2019-02-12;12;2;February;2019;1
2d282acb6098c895d56bb94518f2818240a876c97eb63b43df47bc59e0118e9e;2018-03-04;4;3;March;2018;1
e06db5db2662bb788b7ea19350ed50c343c07596e871210ddf851181b09a2dc2;2017-01-23;23;1;January;2017;1
ef22e97f07c3b8727c132acf78ba3529a6199c0d3e6d18fc8ee26287818d0c96;2018-07-05;5;7;July;2018;3
1faa945b54557dc0dac8a0c18513cd417e7a53351ca2cff058a45a6687359105;2019-02-04;4;2;February;2019;1
6eb7b38779b02e4109942e80a9f95692eb1124b24ffd32c62ccd1b88a0813f92;2018-02-11;11;2;February;2018;1
b29a0322153efca0e767f36d785465adbb76ab1ae39ae18dc8d9092567c710f4;2017-02-14;14;2;February;2017;1
909108dae16cea0074117725fe777192a104e932aab295fc6efe17d28f24e3e4;2018-07-15;15;7;July;2018;3
a716dc22fd751c7761cf42c5ae38a9167cfb4ad9ce3d4d4259a0c0b446bd2a0d;2017-08-07;7;8;August;2017;3
b03fe20203f586bf85035f60fb132ebb1c6ef6eb9f48a67412bdf082f60e8684;2017-07-06;6;7;July;2017;3
6e1805b10ebc501c081b3b6e6f249efa759886c7a04042572e1abc34ec273181;2017-10-10;10;10;October;2017;4
02625658850e9bb2b2247343bdd916ab794cca74dbdde077ceb4791a3590678e;2018-11-04;4;11;November;2018;4
bc7103eda088de0488d883a826cc4caed78761178d1b9a56302dc08622c23ea4;2018-02-10;10;2;February;2018;1
944b37863807b5e1713bc31b1616d7d5b186039c2a45e763a6b4c2833afd55d3;2018-05-20;20;5;May;2018;2
60ec6069f2ef13ecfa55f5fc4ba0548e3bbbf4438296f43a3e2ac5e04d43424f;2017-12-11;11;12;December;2017;4
55e368d1d7922f19139249f5b7d696c95f5526d288ffec7ab83bfd0779d546b1;2018-01-30;30;1;January;2018;1
