sk_Customer;CustomerKey;Customer;Business Family;Customer Type
4e7366b435f2c93e77822b197800833892d75a26775e6b95a3e38da5914253f7;10006862;BL Supermarket;R3;G2
8aafc4ff103f73cb37a0dd4f5d59af2047b6a274c668e78facffe7b9ed7a7adc;10010906;ediSys Shop;R3;G2
6638877cadd81c7591deea77d4770a308230a5e1f32babbe2ae3157a12d83885;10019682;Lamson Store;R3;G2
078de160cc8f5fa199db739fde08d3d552f121cbd052fb03e9d20faa3fec1a8e;10000462;a2i Shop;R3;G2
944a0a120cb8f960a8a67fae1e6dc846d746573a80729f2ab211de2e732115f4;10013341;Gatierf Supermarket;R2;G2
da0d246737e33c22e97ff9ed17d198af9bfe9c26a8592c3766d68409a25ec767;10024010;Screaming Market;R2;G2
cd13b37c077c1ccd8ee6688438ad2dc65c20d1a676e7c5b98d2cc2860b75d821;10021204;Pacific Store;R1;G3
cdac8768b50915fc7b7360bec377345288c0f439d780f11ccd9e4e31a7016cee;10001818;Acc Supermarket;R3;G2
9153843541d62bbad15af795e7d750f332e79323e24da9b48583e63781e46ad3;10003857;Beckman Market;R3;G2
aa8d6fea7f6508707e2b065cd8602bc77b48a73d73b9e6505ed791c7399b87bc;10027583;zNET Shop;R2;G2
0e7badbccaf223810cc5ac368aa1aabe34da480e5ae5767ddefb668d9daedac1;10019952;Lobster Market;O2;G2
a52d73af75345059f9dc134a2835c13bf9eb06ad9cadf7fcafca894d9434bd75;10019665;Labatt Supermarket;R3;G2
ab397ff5c5f8154fb4fbca4ad163e54a6037ebed948779e09067163ccbcc1fba;10017072;Iconation Shop;R3;G2
c950df16489e86df15e229d1c886df63cb1c0c72430aa1d3806d51775514dbc1;10002144;ACCUCOMP Shop;R2;G3
19c6c68c57a514f509632faaf9fff2d59c2ac2fc0d213b8b8f28c40bdb81569b;10027560;Zilog Shop;R2;G2
1989e9eb834936c63e70cb1b7bb95cf7ee564ebc6f0defa73b783e3c2703bf6a;10007566;Cambio Shop;R2;G2
7e74c86d0555d39b06719e7e523c74cebb3143656570813d27df9960115d7902;10009650;Dayton Store;R3;G1
e980f59bb3634fa88aa63730107e26cad85cb58d06db01f4ee856bcb1c9354d1;10016609;Homestead Market;R1;G3
e458c73abf5d5659143a1624dc87e99097a07309e82b103d4e26877326be0950;10013426;GDC Shop;R3;G2
5f7688d9b6b1a4df2742d5dc45c944c904753f5414dcbe5db4b59f3edd2e5b94;10019410;Keystone Store;R1;G3
3eb0ee13d4ca3c0d041147803bc046da684af4a03cb110288eb06cb0c6a237c7;10002412;Acsior Shop;R3;G1
77a40f5e9462ddb86c1e507b3918814ee8b7c24628599f470619232d41c927c1;10025769;UUmail Shop;R3;G2
df9e01988504b5c886ecb920d5a56a0783245b6641817ad0f78cf0fc26735767;10014810;Healtheon Shop;O1;G2
46c3257f8208cc3966079dda2c9c384677a644a498bb9f98bfa108e8c180df2e;10009676;Pereras;R3;G2
b91af5b5acc3e4e80addf364b72ce8cc894f1634ac8f2490cbc179a45a3dd7ee;10022732;RC Market;R2;G2
b931cfdc012f412e3ed5faea3fc9ebae7e4cd25c33d9f72a9a5272318868495c;10020515;NBX Stores;R3;G2
ad6de235bc508e236623c5e1716817833981d91b61ebcd870ef0a919e5ed4b90;10013238;Gastown Store;R1;G2
f22d5ca90c4a8517f274f29fb98969960fe758df48daebc05b893bcbbf7499e4;10025571;Unitec Maxistore;R3;G2
aba8343799afb21ca89d0a863cb3161a20d4e7efb956fc6f2ffe817d55497ad4;10012235;Fimetrics Supermarket;R3;G3
50d4dd21e14057686eb2a02c3f13f90fddf2b484874fef73e728812c576a4a20;10020332;Medics Shop;R3;G2
8b5d22f6edb03ff1014bd286ba33e114cbe084eb8ec356181515723f141dee63;10013061;Gammel Group;R3;G3
20ca259a8156178d826f0516be964989f431feddbed3a8b42d48bf100490c9ef;10012157;Fifth Store;R3;G2
7ddf125552e06e1a894e4dbf8df1ab28789ff7af3e65d237a81174ac03669c8b;10010974;EDS Shop;R2;G2
eda6337726a3e69f3d330420789369552a099dcb52a695ed875bfb555dd7f66d;10014540;HarveyOpolis Shop;R3;G1
6efafbee7563b4074f7ebb34520b196fe5a7b4b5d05eb2cfde1ba1da86421a35;10012161;Filetron Shop;R3;G2
423fb868073648c94e44d64873b1db1074f647222e1f5e4dba2f022cf4810756;10012226;Fills;R3;G2
74166d62ce14ee55b816e2b1f46c91c39f29cc43864fce7c7fcf6f23adf57549;10025300;U.S. Market;R3;G2
e0f5cca53998ade8a927338feb0a4c07a902efe942e1ea39a38561119f6b4624;10017585;Ilog Shop;R3;G2
144960821c01eceea0852d074bc6fcdada13a0abe4f422c8c4f35a1cdee49381;10021297;PageSites Shop;R3;G2
2a554b8744828d5a64718a8705a14c5bc20d05b36769382180fb60c7ed0ff0e9;10000455;Caribian Supermarket;R3;G2
6c205f4da7f2f6734456a3ca5a35bb1b13823d2346f423c26ac24d8ab9082cc6;10024270;Signatures Superstore;R3;G2
6b8d29016eddf773973b13d7131b05664fed33769b5fef3fd975b6f2994f7aee;10023275;RFI Superstore;R3;G2
7fbb92f752eafa81e397b77cc74bd22d01c9be3715bfe988af1d6738711115ed;10025039;Tandy Superstore;R1;G2
294ad50027d172d2fc97003f119589b564dff47cdf689cdc013c9d64fdbc6ef1;10020446;NACSCORP Shop;R2;G2
81d1797eb8130f3702eeeb94505cbb756fe56a02e923ff74a5e53d463699c752;10023785;Satyam Shop;R2;G2
db6c9552d276fa1826b0afbe058dd334d4387bd30d5af4b2800838b6b1758349;10007122;C Store;R3;G2
c439d3d19eb101502f14c6a661b06dcf73927ae387d2005b887b56489c930478;10007457;CalComp Shop;O2;G3
7f4423834e12e4c15f3eca49a4aac0dd19ffa20aa1175a474182b3ddd686ac3b;10021139;Pace Shop;R3;G3
88edc3f2fba991d585a6c35786a676208d35de0fcf4e3422b3a1e795989161cd;10013765;Gemini Supermarket;R3;G2
00fe6eaace445ecfb31e4c3a09e6b82a51c61249675e77cd6194f32c2113f2ee;10020907;Onebox Shop;R3;G1
5e57a2a013bcadcd8e777b81618297b44464ca0bfc00339082f96468bf02bf2d;10014495;Harvard Supermarket;R3;G2
e36dbb3722efc1fc182d32e116b5037e0059eac40a2db65d7037de7c019d64e0;10012885;Gainunion Shop;R3;G2
55183296bfe5b4fd6362d4cebe47f1eb01ea1acf42329489828fa009e7f8dcdd;10006805;Bitstream Shop;R3;G1
7bad37e6dfacebc488730fa54d82a5e3850d8fe2cd509aacd686b008e25e1cc4;10003720;Age Shop;R2;G2
506f3ebe4ac938cfcea91591577dff91607e4cf7afa88802291aed3343100d69;10026868;Xyratex Shop;R3;G1
2efc7370b97a70acaaba6e42daa673e386984623df6ee2699c2278bdae698e2e;10002159;ACI Shop;R3;G1
0468055b7b89c9b322d0a532290c77acffc8e20a3d3acd5da4b33285815f2f10;10019913;Livezone Supermarket;R3;G3
74385c0699972520f3c156c8e6859dbb4da1c92a807a2a9593a76eab82777b35;10012851;Gailey Market;R3;G2
b95e78bff09936d44007a30fce1343b808e6386c46f1a9b006800821ffe1274c;10002136;AccessWare Shop;R3;G1
643db3451d85976975859cbc7c7891acffa5aa3e061ec887fc5f2d4d9a5dea64;10025022;Take Supermarket;R3;G1
35cec16ab73aee09ba4ff716a2a20cf2e4863ab58a369816d797dd1abb2e2ae3;10007448;Cajun Shop;R3;G2
91401eb90497a86edb29573760326159748297cb8a9373325cee8a7917b1b3d9;10026438;PLAINFIELD Market;R3;G1
c533ec56dd8b353145a9f91a0c9bc8a2b7565446e6e20bcffb75eadec01cc186;10011018;Eloi Supermarket;R3;G2
07f31f019a80eda51567016f6dfe0ad3319e2c3ae9d009e4edcec8a4a4a7b05d;10010897;Edify Shop;R2;G2
1d00337951953e2fa7c4c3c79a5478c1f2755911f3f70312a1d4de4aa304cc75;10023715;Diss Gigastore;R3;G2
d98037e817a065292a18036a40819b45cb60036c365cecb46b10dde5ed1a871c;10005919;Big Store;R3;G2
c0f62bcfbb4124d97f694d4baa10842429c1dbe2e674ff4e5116980bd15c555b;10026532;Xediom Shop;R2;G2
108ffc9db3b0ac72f7500bd61ab12473163065b91023e306c67b35edf327888e;10012425;Fins Shop;R1;G2
00bead5d8075911ef8d46fd5b8aef79f9de2794b68c5090a87d81bd1e9687974;10024524;Southam Supermarket;R2;G2
033a88cc1f296026089e394978944e7e178f952f72f3f2a8eee3e5a6009a7f42;10006977;Brazilian Supermarket;R3;G2
f95dcff5c4d8f7f273b5ab745f7695f55c448ca0ae7a5f274f8e0f7612290329;10016588;Bounds Megaplace;R3;G2
7f0d7fdee1b063cd7cbd63666e60beacabe0a591367ce725740d858f75d37eb5;10025032;Talkland Shop;R3;G1
4d24948a0e8e289ccc0c35d67b67cbea1fe7ea2e71467f77604e5653c1fdd135;10022687;Ravenwerks Shop;R3;G3
5afdd3567b11367c3b8739bc30358c489c4c85f2491af16d72bba840b8b1a2e6;10020663;Neos Gigaplace;R3;G2
8e58b6d4faa73fe67cf646956a5a820eb252e3d4ab3bca460505ab9e5e42b639;10023241;Revnet Market;R1;G2
408f48a2befd9e009ef6ba31eccbb738449ec90f833a44ac2056710b02709f66;10009657;DC-Works Shop;R3;G2
c81fc986a67f8bf32a842302fe1367ec26d5333e9ad6b3656237a7123b1675db;10024006;ScotGold Market;R3;G2
f0be42f914510f576476364b258c13a6f6fe25125d08626cc4ef7b9446f4816c;10025291;Trend Market;R3;G2
bf60b412dd6ee008103ff5c910e05b1964ffc78e2813739e09c38aad81a575fc;10009633;Dan Store;R3;G2
4156451b9a0a17e76b971bd8f132d4ba3becc2d5ea91c4d31e8cabbbc2085a1c;10013574;Gebbie Store;R3;G2
45967dbba14a0a3cf9f699c1670140c8c4440cf41c2423d96946c85cd47ae390;10026843;XVT Shop;R3;G2
96889a8fd5fbad989bca2a195e2ffeee99192581aefef1a96192ae9c3bd8c5af;10025467;Underwriters Supermarket;R3;G2
6728a7add95262d6866c4dfe0825af87909b67bc5f5d6da15fbca0f296f94a0b;10022750;Ready-to-Run Shop;R3;G2
944fd2165bf4b79c8c66f3e75812734f7972d7875f305715cb2ef031ac718035;10020281;Mb Market;R3;G1
5cd73db8256a27e9367f33cf88f331250693a2722f7f5ab1123e81a184e0bff3;10016549;Home Store;R3;G2
edf57b510e67e66393e06680e9f1d9c3cbe38ee74459f14d8bc92fad65b23e3f;10021412;Panngea Shop;R4;G2
5606d38865580baae5e607e3fba3a50af8f9c6b61758c3f5903437c2d94e0f5b;10020193;Maui Store;R2;G2
4d3b09ae94348ec77fd169ae0778e81bbe1859ae8f54743dd87b0d9a60c6ab2c;10017307;Idyll Store;R3;G3
fe052f2d143ce79d93dfa7d4265d6a2461a12a5115732158893ce896402f430b;10018518;K Shop;O2;G2
7e98f88a128d10866316039e16aa3f6bf025c4efcb2a63bed9f91bcaeaf2d640;10003749;Associates Shop;R3;G1
32c68707d14ea03a89798d0140813f02b155ac791405de0ac7ad1ce58bda39a5;10021996;Pinnacle Supermarket;R3;G2
96605a44245337f2a1b7ff98b64f603e6c1c71008c67978002642489fc6e2f4b;10004255;Bendix Store;R3;G1
496a88c6ae1021c1db666b35481399f701219ac4685ba3879865768f94d556ce;10002142;AccuCom Shop;R2;G2
b86d7fde17a73a6b84f6375c2791767fcac2407f410c17b365e24bd6bb5ceec1;10023212;Reuters Supermarket;R3;G2
5d2cf053402b62d24cadc99ac7abcc7d38f5642fa70cb385224ac8ed6545a24a;10025552;Unison Medistore;R3;G2
292b1bbc91ab2424c6e8c61bdf5589835303f15dd835d7dc030a36a160a99eff;10021305;Pallister Supermarket;R3;G2
d22556c56ce996aa092c9c30b96f4f5c9dd07dbb1bb748cde3fe8b6b03051e6c;10020914;Onetouch Supermarket;R3;G2
e22e43d111556e181059a1f0192ea339fccda59c304699f7452d16adaafc03e0;10025302;U.S. Market;R3;G2
1e0f29c9bc046dd779c7a5023a849b355958598bd8c1a45ad70d6a0242cb6649;10022252;Quantum Supermarket;R3;G2
776d03c7811d2b03890b22e465f6b4992f5e35d8cad48b6622009a99bd82827c;10021223;PacificServ Shop;O2;G2
ba962961652195827caf8cefdb0c5db73e556fe57d10f82512afe0693d9b2e54;10022183;Quantex Supermarket;R3;G2
8ef873cbb56ecab0e8ff1ea57f32b4220ebddd0a7ca0ccef888881480a49a711;10022962;Reflex Store;R3;G1
4ad10e66cf11d7b4069551a03956371c17211eb6b51a5857f738423696aee60a;10014804;HCS Shop;R3;G2
2d589078889c35e2d3395ae4b95c0bf90b3d8c58f900086d75b4c9dfc1401c0f;10008134;Canter Shop;R3;G2
ad5fb226f00d3c2f833c8132dd752465104f2c132dc5b3864f104fd06ad5dc52;10025737;Userland Maxistore;R3;G2
97ec5bdeb79325687d2a90cd97645715a8cb9e8a2a7dae3469586b6ff092b911;10020364;Mersey Market;R3;G2
2c8c55da6894941d5a8fbe404cfe6ca04d59b133d7ebb3b0d498ea8e56287d2b;10007591;ComeStore;R3;G1
9e6a84799ca0d06fda54d52b121a6056bf9d05468c591a322b06fcd38fb14686;10011398;Ethyl Store;R3;G2
2963351efb937c8ef32635a55ea1c2d79cd07c8e28a2f2b947555bef0fe8fc4f;10012600;FireTrans Shop;R3;G2
82224f842a36ac810895485076434d95f9bf7dfd7343367ef4b43fcd2367a9cc;10002244;ACS Market;O2;G2
998f4cf3c143caf0e9f148e031a3f55a2c5553917d384caa9a091857e496240f;10023221;Reveal Supermarket;R3;G2
1b9ca2e0e2fb81c64ec342c3d95b9e258e930e84b923cbac35d10ee6c0e55e92;10005236;BH Supermarket;R3;G2
620fbfd1ba6cca2974df15f7d3a7a74d1d276c16f36af18f8048c8a9dd2ceb84;10020266;Maxwell Supermarket;O2;G2
5f9c7798808973f59c2eec6be78049238f2490ad46acdb6c2a849be51a3dd6bb;10018628;K.C. Supermarket;R2;G2
fc9cc3d38d92a92eaf127ecc023f87f27ed164d6e993374d1b9b3f6ea666e978;10021111;P.C'S Shop;R3;G3
f1f5861c77980b57d202711c4cf9e61ac7787af3eb1361202db18676a82cb6f4;10016113;Hill Supermarket;R2;G2
a8487f2e0af17191eccbb142de3c3f00a51f3e26200cd52f12a45ed085ed6a4e;10000471;Aadast Shop;R3;G1
a0835970227fc584a136427c1839b31a2ffa49cfbed7fbe8dc9e514a1b2c5860;10024034;Script Supermarket;R3;G3
4ee39443f1b25b528df779efc8bd4817926c6748c6b6063b7ff816317e35ac72;10007123;C Supermarket;R3;G2
197e05e59fbaedcd0566bedddb57ed1b2f1edd88cfae048dd71e323a06c341f7;10000473;Aaron Supermarket;R3;G2
f55c425fd49a0fcec8919219912e5ca8d19c6010edcb383e86a6352990bf14e3;10025758;UTStarGate Shop;R3;G2
d53dfa0b0d52c83306eb60ae97887e831d370f676eaff321e9587dbd74a668a0;10023793;Savetz Store;R2;G2
eb7ca0cf360368b657502309e44df1e3e496748436c268f80c8786ebfe72cd15;10011345;Emergent Shop;R3;G2
5bea48cf7e6a5c4edc236efc490fb8f6ee34697489c3c7020a1abb2703d2c569;10010912;edit.nl Shop;R3;G2
bd0b062dc501d2431ceda0fffaaed9170fc8e257f3e9daa259381c59158f6e5f;10020927;Outbreak Shop;R3;G2
c7053cd0ea7ec72199ef196600f7b8bbb416e36c9eee7ccfd9903bcfe2ae7e18;10009356;Central Supermarket;R1;G2
712725331e23c3cf9c8dcc7a197e8614cb2489d5acc4faf3d8039cf501140096;10009679;Debenhams Supermarket;R3;G2
97dfbbf9dbfffd2991165fcb9f910b20373d67241707159507f746f30cd5e2ac;10021422;PAP Supermarket;R1;G2
e4302f06a554495744f53520ac8e6a756a657ac3ad664a85a75ee50b89571513;10025814;Valpatken Shop;R3;G2
7724ba4d669d801bc785ce908f28ccdf2fe558fbb3d9567f0c0c291fc4e322f0;10010717;East Shop;R2;G2
5362a2e50a85bec5805e43c4d182466fa1c0fa747de062786cb1999c00b89b2e;10019942;LMAO superplace;R3;G2
b41d30b3394730ba4ecabd06d3a67bcc722b55ec7783478c9abe7eab016515c7;10009639;Data Supermarket;R3;G1
1fa4d6795bf59266c00d8492c5b5ed5cd977d95c6bb423c5aab4e0e93b94547a;10007866;Camros Shop;R3;G1
bf82488f3e2393fbdc888f9b2dbe26f36de5123da64264da5db2069e0d4807ba;10010990;Elbit Market;R1;G2
d64a202f11726e366845f5ae70c49c40d493867d5610696ca73f742e18a0c388;10022167;Quallaby Megaplace;R3;G1
5138ee15114ae46cea0380b8331b1a0c4e45c40a52356eb246916eb3f6126eb8;10025305;Ubicco Shop;R3;G2
d83243a32527ca59b8df48b8e718c15f7c14f327b071e7989c42cb132d78b3c3;10025021;Tailwind Shop;R3;G2
f6761cffcee0833a6e12151b768b6810017561df227e4769d4b6b1ae529eaedc;10010884;EDC Supermarket;R3;G3
0fa8a592793dcaf4d689a1823dd995d3e5aaa66e7d8f1f47122c1b7887f34271;10000461;A1 Store;R1;G3
c2fa43388650b2889583cd8b9d90dad3f96a90803c32885cc9a03a898f1117cd;10025238;Team Supermarket;R3;G2
9ee13b943845b04df50131c08f21a6584d1b50d12cec306055dad24912606610;10009662;De Store;R3;G2
715122680240a00349d030724803b0ec258651c6a11274be38a2bbf8bc1a5744;10000458;A&R Market;R3;G2
e77ad3e98c6a5ed7d461ca0fd5d48bdbea835a6b2ae87a8c9938bb3e541b3016;10000457;A&G Shop;O2;G1
aec18e430c024431a74b0fae36753f3ece00525d49d1af8a8ee55edcbabc7339;10027370;Zeroo Gigastore;R3;G1
1cb7de07b5495fd2198c7d34b298f334c8e22a200da58fa196ab757bcb51a2ac;10002128;Access Store;R3;G1
ce3984c9a6b7fabe29108a8dba6975708f492761cd496b4479a5b41e7b44f0cb;10001786;Acara Shop;R3;G2
ab01acd62c18537dcf42c37ed71d080ceec4c486b27c19c4b1a0a0f4c96b49bf;10023244;Revolutionary Supermarket;R2;G2
04fd816a6ef31222ca3280099cf2b5a8a206d1cfaad55ef7a1cf3e2da1f303f6;10007258;C3I Shop;R3;G2
c3651d940e88d77ea8931036c5baf411e79ce342723b750b4fe1a3f590470fc5;10000456;A&B Shop;R1;G3
66167f523a5f53bdd8699393ff6f4f5551cb2fb0f9c4a536f65c3da1f8115b17;10021485;Paracel Gigaplace;R1;G2
4625b88fd2a1f38c35545adb6b7ecfdf8c862eaf8891e7399c27fbbdf3fb6b7f;10004256;Benedict Shop;R3;G2
8ca0a5ab89c2105ef4f8f532085444ace20df5b8f1d6c89363d06d28ad164bac;10002526;Active Shop;R3;G1
56f73a2ecca107643383ed752f48e2c6e4cc5478397f66b4f8b5cfc89c98a04e;10023513;Sagent Shop;R3;G2
138f2026b3766961685499144086c6b8051eac4b654d442c1d527151fa7b2849;10021179;Pacific Store;R3;G2
0dd09b2c623a1f7d4f885ffcd1fe8b4983a22d30f66a20ef91d1fa86b4a4ed7c;10018580;K Supermarket;R2;G2
d453e2673bd90294e1122ffbe2200316819957c5c6c2b418b2d87bddbc26b03e;10021286;PagePoint Shop;R3;G2
7d20af90e4241f161e600c2909ef6fba3e13ea9ccd7cb093949c281027f922a4;10007120;Brinco Store;R3;G2
968933b40da054bc8d33b836d1e91d305a2cab35ce8fdc8a8045e27ee0eb350f;10012715;Fokas Midstore;R3;G2
b3228bc477501616805d8b005deaabb19f3c34583788c01b80388edccf163b32;10000496;AboveNet Shop;R3;G2
5018fb66f07cb6e5e437070b552102f85aec216554cce362fc7bae5c4225e98c;10023023;Crew Superstore;R1;G2
8a58e4223d42b28a42be945c0c0de51b06152da6d9695beb4699526348778d5d;10000466;A2Z Store;R3;G2
de143669da849938b51153dd83ef1709d3448aa6d7b4da1d86976249d64a078c;10025248;Telus Store;R3;G2
8bb0d664c5efe606586e1dc58fd02b97321cc96d9f733b665b07532bedbd82be;10026521;Xcert Shop;R3;G1
7540f1eee012144d7bdd23f43d4513e5b75fa8836c46d1716d9d28aa01c6677f;10002153;Ace Market;R2;G2
272e1ddeaa83b74743dfa9e40c79a4a1e286b790fefc88eda9fa862941bfa0f2;10009653;DCP Supermarket;R2;G3
ef96b0a5c60d2939959823c7e060e4e1ddebdda2bbc04c1f5759aaadc9b7eeca;10024022;Screen Supermarket;R1;G2
4b402923514ded05ed22a761cf9f391c3338434bc181e3ca559aad7230261f1c;10025558;Unisys Shop;R3;G2
95f232b5e3f0ce1adeac2adfedac3a145df4557af5315e0542c32b3d5c4ef422;10011521;Farr Market;R2;G2
82ad9985e802a3fae2de750f1079a18baec48474bbaf34559f50f332b187141d;10010969;Edorex Supermarket;R3;G2
983ae3ebb5ce15c983978b84b88398eb24ab16e6e5b16acf52ae09cc5b47143c;10025247;Telesat Supermarket;R2;G2
aa87e12577d6ff9b2857aceb6db7e01f0e7d9cc292e23e6b32427db7f473a942;10002506;ActionWorld Shop;R3;G2
934a90aa3769e7b4ec67d76897e055613669179d1349d480c3fa93cc10f13569;10004207;Bell Store;R3;G1
a314ef5d6dd4fb2435bd76c27dffcfb221636e6d0ea1f88a1e83eecc0daa0a18;10013509;Geac Shop;R3;G2
7b660c2b4e614984a5ad4d7eecc00d12161b1b320143503ec56b085c9159e11b;10024248;Sifton Supermarket;R3;G2
e7709cd44ed528bb3e9702d08b82e5ed4dee4ed147c6ff352c202c3b1b980ff4;10015495;Hennings;R3;G2
636128e4696ea54558b40e9c3b0591230568eba8efa190cf1739a3d03ff41aba;10025061;Target Store;R3;G2
8d7d1217c62fe09a3ecbd342b244a4c3a92e8a2b93725a69fd308a4c98e52421;10022249;Quantum Supermarket;R3;G2
d6b081712f9961d20f0fba926e9ff612c01c01cd00be805e23b672b9a09c199b;10000474;A-ARVIN Store;R2;G2
ae574eb76f7b90a2eeb7601a849eaee99089ed78895429a6f60c668fcde5d99e;10010970;EDP Shop;R3;G2
490715db4866c933a728dcadc7ad7e06a9c213031dd5e2e8ad4f8bd61dcb7ed3;10025239;Teamaker Shop;R3;G2
5dc7360c72dc3f0e84e43bab4f8a0b443ea6963873220f4b7f2e1aaa37e192ff;10006848;BizNet Supermarket;R3;G2
c8039d5438da5e366ccbe629cf3a1a7d7fc81ff4a2f6ca94c1e92244e188094e;10016784;IBEX Shop;R2;G2
6aeca4a09699ccfd8f92a8dbfe8e20605df1f2c7b1ae1825b6bf63b79cd0ad8e;10021283;PageBoy Shop;R3;G2
865d6e1a8551045c2dd6a114ab069d5861b9c2cbe1f9bb7ca7bf9a48d9dd73bc;10023516;SAIC Supermarket;R3;G2
a09065daafca2c1e165725cec215e67b306d4377101948d744eb9072a59b7c60;10005006;Betacorp Shop;R1;G2
0fa2e8cd9c677fc93bb41ae6251eb0b14a1016990991c23b563bc42293e7c097;10024262;Signature Shop;R3;G2
5a3b608755b1a5b18ea7675dd7edc32c17f92d9f7b9b0504c71a5c8214f6df55;10018877;KAT Store;R3;G1
09f16ff31a0ddfd59456f9e548a911d672e8791247afe74821c0d0a4db1bb5b0;10022730;RC Shop;R2;G2
2c2aed9a263f09adfa4eb6063dc900805cab7ec1cf4b596c31954d4d55cf0e67;10026055;Dellovade, Supermarket;R3;G2
508fc0057e7cf2030e888aee93bac1a8aa119d8c7986042676c7cbd89be65f31;10024942;Tag Supermarket;R3;G2
b1f18c36090688fabf695c778bbbcd1b66dbdddad764c52a48d878dee407547c;10006916;Boott Store;R3;G2
af13c1dc8fbdd64e7f428b4bb3f0aab7f44fa5215667aae81544722236711286;10020184;Matradi Megastore;O2;G2
2fbd35d9c8ad69a650d68b5b8285fafba7c97e2deaa1f64b01ae3f98e5aafcd9;10022490;Racal-Datacom Shop;R3;G2
6b868ed7ae87fbbb1f1e9117997590c67fa8fc434dee15ab0f4af5ea40a60902;10002139;Accrue Shop;R1;G2
09d9e2e4801e5d4882530ecb0fa30dfb33509d240d9df30b4b7c8e50328450fd;10025304;UBF Shop;R3;G2
ce13418f8bd0c3a35ce21a298c9dc5f2c72fc94890b318fd00814a02ec6f1b96;10025249;Texasgulf Market;R1;G2
7919c24adf997180e1ae38c38050db2c3f96fd53e1d5b256b9e414680efa5bf5;10013870;Greymac Trust Company;R3;G2
8e6c9ef9ccff5a25eb26a8ad4e6f7b5c7846dba740a3479016fff93f2c81f311;10020080;Lucky Shop;O2;G2
34e9fefdcf9c23d40882d78daec110d6ef30c11af264a1a65a767b67d2603fa0;10026009;Vectrix Shop;R3;G1
3d5daeb0feeaf0642ce6c56185fef229279dee9e0e2d7210a8697469e7b083bd;10000601;Radio Market;R2;G2
c955c3662a6504d948817f2c24d533e67ad34737549b708e52daf8243dfb19f4;10025778;Valicert Midstore;R3;G2
b78e601b3ebd55e5a797aaadfd7bc3222c01746d0417fec0ae406eea00ce30ea;10002137;Accidental Shop;R3;G2
28791ec79c7125f0dc4e9cdb916481e34967e49f7fc489cda1e2bef7a6ed72c4;10018867;Kari Supermarket;R3;G2
d15c4f1142fa308f2584d050a62224b8e59adad5f2041297aa1c9f86483b2d41;10025033;Tally Store;R3;G2
7d0c2bd1bc8f7ba4697dd7f72afffc0a8f6c1d070281aeeb7aade19930293e46;10025051;Taos Supermarket;R3;G2
6c4160d0f4765fcc7909eb66f083f84c643f6adc29d673b38ea7fda1c6ee4e58;10006983;Brentano's Shop;O1;G2
0249db475383e26a3dabc927d43d655a03207ba84693b8b4f864d07d9f4041ff;10020181;Markets;R3;G1
2cc91e44894b7396bf1b273846572747d5d80cf9b0e79f400a4ace5a3a537790;10026038;Velos Supermarket;R3;G1
5245e1cd2ce22cc1838d6e568613f72d2dc390628e301262e66af1850bdbef68;10020715;Old Store;O2;G1
a08970845dbe385789a091863a8513608b5ac47e6a562870ae35b613a9406530;10020393;Minneapolis Supermarket;R3;G2
a6ce3be0c5ff56a14a778a62e374d91636189b1c667f80008cf750b0b0e9ccc4;10027575;Zitel Shop;R3;G2
3dbbc94b53c79bad3dfc51bbf710ec7845e734dcd269eee4094de11547e24051;10024725;Stone Market;R3;G2
7146e3c880bacd0a5ae1a71097bf4e27d20d812c0fcc84b882edc400f8e393ae;10013079;Gandalf Supermarket;R3;G2
1db9ef4d422ea9c9e847e7bf15ac2062253454d4a4bf898de58c93337c35a2e4;10020864;One Store;R2;G2
3312f8f66d9e274e7b75538767887808d34f1669f3648f73a26a307f2b345007;10006919;Hoovey SuperStore;R3;G1
e6ef4f598400822885683e324fbabb12a55a0d73046601b0fec9912d217a8625;10020247;MAXSTRAT Shop;R2;G2
2fb2f8d1b3c97395700e88c4c219281da9f50908226f64f5616cb64ec0f5fe4a;10026334;Wayne's Market;R3;G2
aebe89f4e17b60612ba189bc4f389bc1d8d958d7eec2eff241597fc76b855563;10021986;Pinnacle Supermarket;R2;G2
45bb7dcfa7fd99e805bc8a4c9e77b9a4834c230ee2954a1c0f3f2a213fd843ec;10026581;Xetron Shop;R3;G2
99ab6d1bc71cf53c9798c523924d9011dadbd4f13fd977ca63b1720845de1864;10009654;DCS Store;R3;G2
6d63e36217152f9bd20a94bd371e4ae49182537c4c637023a16a57e5c52037d3;10009660;DDR Shop;R1;G2
142fbb2de29589c5bc899758da4f775b60d6ff55945ce4b6dda4ac7d65ed9275;10009642;David Store;R3;G2
366446272d8b839e5f67292afb0fb4254d471d87b037040795323703f32b0cc3;10024930;T3West Shop;R3;G3
68949d737cc2621c3061413645c2d6096c7cbb3928c9e7aeddfe5eaf78eed52d;10021411;Panix Shop;R3;G2
f7dd00982ce9489afbac664ef442220ecd9ed183bd6143cf6966cc700eb0e067;10002140;Accton Shop;R3;G2
dee404b8ced7375c70ac99d34cdccd81b7292b7cc28cc152c2845899c29527f9;10011842;Fentek Market;R3;G2
0aae96c64e6406f8981c466feeec3e46139c71441ba24365a2296e3ff5d2a13f;10020672;Oki Shop;R3;G1
b4a32841a4b63b22c2a8284ac731bb2ffd999e5ba745cf5d6b995875b1ae8ad7;10011052;Elucidex Shop;R3;G2
25c2316c9a8d5aca27451ca9faccbed23294fe4a25e3fc6d571d5534362fb65d;10004602;Best Supermarket;R3;G2
f42ab94abb36765f053719f1d509ac83533c4286a8c0c03929e4dd21b8074e39;10013332;GateMaster Shop;R3;G2
a8a782a344a42f7f3926bb4b57f37d2610d7711fb5074562271b1cd18f09ab54;10014546;Hauppauge Supermarket;R3;G2
55831f90a29f309998e0253320edeb5c0c17c91c434e1e05476958e49eb2e678;10011355;Enterprises Shop;R3;G2
ee076572554722d74dd481043bf09188fbe1fb336e5955bc4167f6dc45abbff8;10026299;Watcom Maxistore;R3;G2
ae82efd579ba89de0a599dc90bc3af9a4144800fcfb0176310a0f7669cec424e;10000460;Meals Market;R3;G2
a4a76d3c9ceca36352a6812f479d12627c58f13160fa3626d469115d1c0384d8;10011732;Federated Supermarket;R3;G2
3177a5f723c2c205e7007bc693b70ae4326660f9e56645e60d8d20ddfeeb7120;10000480;Abbotsbury Shop;R2;G2
83958e1195fea495f77ce70f624c294b73cc65820e7a77a62caa9fe286d09146;10011870;Fenwick Supermarket;O2;G2
76fcfc7f7f85cda14588d463cfbbe4cd6e2545e211c840b7bfb2fd0fa0ddd0d2;10009623;Chas Market;R3;G2
581d2bbb934a74fb2b5c83306d692ae622f6c499e98eb1a43472446772ad470e;10019514;Kimball Supermarket;R2;G2
27c66a07f789b7b6e5a76f66538b45e836a1ab161a8c9e2f47b525a5178609a1;10007183;C.O.F. Shop;R2;G2
42997962529c1c7f845f4568f26bdc4c2d1604bf49894ea17e298c7f89406f75;10021231;Packard Supermarket;R2;G2
0c0c5440154a03c1c58db5274091ae852a3302923ea9619f42eb51ff782f71dc;10026606;Xilinix Midstore;O2;G2
e85141fd1ffab633beacfd7edc45f252627f9e90afb5c7c539702552d776045a;10021203;Pacific Market;O2;G2
c59addfc154461a9602a42fa520a6eae367ae00386db7bef4f76ac3b22382fb6;10023783;Saturnus Supermarket;R3;G2
0ab5562a7a91a6101b43d438e581d749d10840746f757ab2fb0a55f52985d958;10021145;Pacel Shop;R2;G2
30f557ac98cb82619fc9cabdfffd63c87247679dc92c926773394e5a461c1157;10021494;Paraclipse Shop;R3;G2
2509c48dcc74d918e5f97a5ea0809b39a667c2caab5e1437b9651a77f59dd7c5;10004516;Besicorp Shop;R3;G1
e6be2c4ef06131f89ea63ec7f927032a98f42830ce2ae85bd4114950da6c34f7;10025771;VA Supermarket;R3;G2
80d56c941690d70fcae5ed89f3ebbfd7eb9f3200a87ab97c489518cce7c71d18;10015275;Helios Shop;R3;G2
dac49ea1a807b14e152c354c029baa270646663333b65a2ccf69bafe64b2b33f;10025549;UNIS Supermarket;R2;G2
20202165c4f9c6a42e3c898849ab2f45febfb1b8f90f6174648f1769ff266ac7;10017852;J.A. Supermarket;R3;G1
fd6d215127b9a81c120d15a23128501610dbe1966db9727553eb5f30fd54db62;10026839;Xtreme Shop;R3;G2
57d3e686d0ad97b817054a1522313ce870258176f27279b6e247f8a5ce9df37e;10009647;Dayton Supermarket;R3;G2
41314169992e69fc40ca81d39f5d8db9042780ef734294e7952199f499fbae7f;10020684;Oklahoma Supermarket;R3;G2
8251c310e8a0d5c3fef22decbd79d239d97aac56c7ca782e570a56acb253e960;10013252;Gate Shop;O2;G2
49edcd0e30b94b2ae25c7be42a4ad6ec00932d59b2ec9d2abd3478a3fa524747;10019388;KeyComm Shop;R3;G2
b344165eebb3e4daae9c5cc25e8b45fb39700ef6e86c0d5e0c57e62773267452;10010886;EDGE Supermarket;R1;G2
aca85403573c9dcdc7d62e6fdafca2edbf58f740ff15db0a9f94fd9ec00ff4ea;10015267;Helfand Store;R3;G1
cbcfcb3ead973108c9243784a2f5b678976c2d4d2c423a07d6bed254032f96ee;10020390;Miles Supermarket;R3;G2
c4158ed9bee0939d85c01e1e374c788fcb7b4db7ae2a08322033beed47ffbf16;10012761;G.R. Supermarket;R3;G1
c81d22e4f6616bb0abb472b7a84356c0454d8b4aab30bd13b021a667f69d7a73;10027356;Zero Market;R3;G2
0d755fc9ab6779ea2a8189a9a0eeacc0da240882cbf0e6b547747b4123a086f4;10011734;Felidae Enterprises;R3;G2
0e9bb6d2ae08859432d825c066e03fd701c7b0880c98e09f4c6f47b837717b65;10022978;Relcom Shop;R3;G2
bb2fe34e0b84e359eb9fdbc6aff7c7b205cf21796e41fe9fdc9380bc5d50a55a;10009645;Day Market;O2;G2
60534dc8a375b6fc007ca407ce8ab1eae0270944399c832ea1e5354440f1b44b;10022470;Racal Store;R3;G2
6207d518da8ec8940c1af38c78cb628d25cf99c5ed0ea7798e38be3179e06624;10025288;Transylvania Supermarket;R3;G1
c16338589501e0d9b751c26916c35d3a036bf75f92833ce6d1742a7cbc919264;10009656;DCS Market;R3;G2
4419024c288397315cb9f5f3a51f3f54e6d26dd246fa4818b0b67ea6a2b8e500;10014471;Harts Superstore;R1;G3
0dd1600fbfb543bdae7112ba2b77903d947a0b5523a76d6816e98e7e7150fe35;10023757;SAS Supermarket;R3;G1
7c3eb25ddd4fd962928829ca5fdc3a2d485e7b1a8fed30a438965c2d59eb496d;10020915;Ottercom Shop;R3;G2
23fcbfaeaac622f2a034c4595533c6bc2bdb737053246998bc3f52a8a2e38fe9;10025052;Target Gigstore;O2;G1
604790118bc5b678ee1986ee67f39ad86af5503f6848bd65c36a3987d195f271;10017054;Icon Market;R3;G2
fade0908e4881235fe282cd7a27ec40947e19f5a2437b93cf84b3e8a647d9833;10020931;OutPost Market;R2;G2
650991f42219ade485fd306af3440ee004fe8f77c78b5549368e5f1b0feada04;10021175;Pacific Supermarket;R3;G2
354a053b11325285a7d751bea2b912ce4b2792201005cbb1349d3fd7bde2d83b;10011997;Fibronics Shop;R3;G2
e7986975a71353dd65270c141dd5ca67af1c27ec360f2efbdca258b4f34f349e;10026006;Vector USA;R3;G3
353b714e8dea71c27c6e7595aeb0d713638562245c1eab86d36b30c5a8e6c850;10021160;Pacific Gigaplace;R3;G1
71229ac1bf868e7f0df2b36631b8574777901f3a7af300aa5515f2ce8a01a562;10025583;United Market;R2;G2
5edfd1249aa773ba3a0a218425954facae3cdc94533f66416652ea6a38c493e5;10021804;Picka Superstore;R3;G2
43b3b0ab8ffc416978312f1424c071fcc749bb453397caf02ee5acdfb48b1460;10021911;PING Shop;R3;G1
914e549ebc652645a600a35de780f85b63ac75c6e302dddf722a75a49a766385;10002161;ACME Maxiplace;R2;G2
02341f9a3958c04f5778f3c0e38a034a1de9e7ede26dd1c2961dd245c0c3e7f9;10014802;HBS Shop;R3;G1
e2ed95ed67121b0a9ae3650d2ec98ad653787724ccf7bcd464bb7e91527a003d;10002765;Active Store;R3;G2
97d4eed9f41df5e9556ee480b871bbd954900a31f4be32cf1b985db9ce78dc1f;10025038;Tanager Shop;R2;G2
849c090813777d56d8864e865e1e67caf29d6ec129ee438951f4d33b455f18fb;10003795;Bechtel Supermarket;R3;G2
e77ababe388453c39f31cb2984bde7b5564bccbb810fc5f50c315e9e969e57c8;10006836;Biz-comm Shop;R3;G1
0eed69a92b273f227f425494dcd479e623e098f1467dd20ef25dfc8c165b40f5;10017314;Idyllwild Shop;R3;G2
60e7a5d530d996d5909242699fcdff630ba95711c35ea854507774f7ae53ab16;10022746;Rdlabs Shop;R3;G1
266c76c648a59345a49f479a5dd219f6931ebbca7a4a1dfbb4f4406698ca600f;10022434;R&R Store;R3;G2
5a97f6cb3b67b7a1d371447f0966f42a0c0db93de255e809e633543358e5270c;10024999;TAGnology Shop;R2;G2
c6d3dccb27d49056d38fd3228569820890a12f8df8f4cfc003cab0392753b550;10019066;KENROB Megaplace;R3;G2
3e298f94d6109a0f5b1f066a3f4eeabb6ec9b57163e25d8ce65db2cecaef49c2;10014264;Harbour Store;R3;G2
ce3513814b1ee31c7900aa905f99bb05690a1c9ae751e9e57eef90749869dce9;10026348;WDND Shop;O1;G2
fc5bbbc6865dca686deecb762f541b7bf3fbccf63be810cb589bdd0bcff9d98b;10002150;Accumedic Store;R3;G2
e782aa235d497228499d0205c6deb9b06b9eabcf8bb2cba7fa477dce93e519a8;10020868;One Market;R3;G2
2e1b1ca4712a206f4d2e9fd8e393f9ee51e6d35b597abbf98119f9c0a5e9e20a;10002520;ActivCard Shop;R3;G1
b003acbf0137019e7f2c64a5bdeab8362ebdc1429a8d12d7b0a44fe6528b193b;10010698;Earth Shop;R3;G2
67d3e22b4aa0d13b521a2ee7da599658f8a97b6676744432c06b62aad1ce0c16;10018644;Kabbalah Shop;R3;G2
f406abde2b7c5288dd4336944b5a199036ebb2110f479a60977eca165882dfd5;10007577;Cam-Built Supermarket;R3;G2
c2981e091ed8e029cd81f6fab1dd5f34e370f7d757e50b6c8bb97fc23cdcd787;10003882;Beech Supermarket;R3;G2
04375ef209ee127dda1f87bd096e7af5e3138404e6b4813171d9c8c4556d1a6d;10009907;Del Supermarket;R2;G2
9d673a1dfef2631d3f8adbd86137135b4a3694f5d7406a14c8231b929097ecae;10010855;ECI Supermarket;R3;G2
5a8bfe21ef990f4ed24070295336257a3af9a3b485e7cfb790114a1b1d75e3cf;10025264;Today Shop;R3;G2
0fb3ea46bc6706365054fa3f56d1789924dc63304541f0e5d681ea9fd0ff99dc;10017638;Kellys Gigastore;R3;G2
ca2463764868faa816bd8318727c5906b99ccfaee00612c72f079605cd4f8b9e;10019617;Kool-Seal Shop;R3;G2
156eb33a82dbebfb4c262db11daf6f2fce4d7fe067f8df4c0926e9b6048195e5;10025063;Taroch Mexistore;R3;G1
933fdd18f074f848cc651474a3911d71eb598b2a39c9e870c175e46b4e9ccf76;10013538;GEAR Shop;R3;G2
eebdf5f483bfe3b837ed72cbc884336e687e3b83cf9d43bde1b35f8e094df95f;10021240;PAGE Shop;R3;G2
92c20b0546bb9faa8c2d1bb5de0e76214759fe82a450e31479993ed9fcdee655;10009652;Dci Shop;R1;G3
08ca84041156cefd02edd81bfd1c549ca1cc370f194b25746bc011b7153be312;10013572;GearSource Shop;R3;G2
db25b354478217e19c6e0a7eec98b163c979d4c6332e9e6afa83c82992d11f17;10024550;Southwire Store;R2;G2
40895d06204092e8412055d17c4a8108531c1b2bb83077affe0ac97560334dd0;10024009;Scottish Supermarket;R2;G2
d6e1f69050fe16a5c1290a3400a7430236cc0ba62b8ff4746e3ec32966ffb825;10025243;Teca-Print Shop;R3;G2
574daa0813b8add5e9159fb51a6829c585fbc62be50fecbf28dc1f938a54ad7b;10023538;Salamander Supermarket;R1;G2
6870707dcffed74416440511d718412f0a17ee61039fa593dc37d4280a3a0601;10021158;Pacific Supermarket;R3;G3
f28a5beb674e11a04d0067757e483b2b017b91ad381ad02d6f207bbfdda4f2b8;10019909;LiveWORLD Shop;R2;G2
a6b294920e7666acb95c372610484ac1b2a433cd32688a90f5b12c1479d7e091;10023703;Sarcom Shop;R3;G1
22976f177404dd32c73d3d11115d2fc26114da77228913a88cdeace23b884146;10025284;Towmotor Supermarket;R3;G2
bfa3477879bb8088d78e4262d6f9289f9a9577b7867d840c6808e575edf4c69c;10025575;United Market;R3;G3
4253a3f04e96589f56d8cf5c233b6ed190105544f3c0aa1475fac0fadba7c7a4;10021107;P.C.G. Supermarket;R3;G2
b8cf5bcfe1ae1777a297bb8309963268a6fbd3432db31b8fea074294987b6418;10010935;Edna Megaplace;R2;G2
8d094ef91c817aa37af401fedf147b89cceab962f27edc5361026326e39c760c;10008893;Caravelle Shop;R3;G2
40e7a2765e4a2c00598cbc33017f50429723ebde690b9dd4bfef89c6a24f32e1;10006093;BigJobs Shop;R3;G2
7333aeb23e399a3bccc9c7d673a3e2885a45e1c4532c6251cc84d8ed832bc3d7;10013039;Gamma Supermarket;O2;G2
ca9b7f96c44ec782ea9abb6249f8da04ec96994f09d500e19c4fd96b689da83d;10022166;QualityLogic Shop;R3;G2
fc1fb777bdb6f34bc81cc33e51d0a93c893afd41420df8ef954a657e636d4321;10027381;Zero-Knowledge Supermarket;R3;G2
36fb6cdb6f1278bbc9c3a290cf4ef9377de50813727de47b33f3d6ebc3ab916c;10026522;XCOM Shop;R3;G2
2957232f9c2a5eb47ebcf0c6561f6e06ba4afc8f1657c4d64051d19d3432b42c;10019194;Kerite Company;R3;G2
55f43598cdbdd2ccc9ea6c68d305d473ee02ccc66a8d2c37c47cc801f2dafdec;10019150;Kentucky Supermarket;O2;G2
362044ce00c638da27206685456927fe41a5e570846ea0b18d4a52013d07f908;10005810;Big Shop;R3;G1
068df30275653d6a545bc7e4c1d49f6ba27df4a0739329a0e3fb77592f5c5d0b;10011821;FenP Supermarket;R3;G2
fc5eff5430adcf208144c183fb9f54e86fcaf65ea8c1978fcf29851b944a8c16;10010882;EDA Supermarket;R3;G2
0ab5ee9695debb5cdb046fdcf9158c1f494971178ac7d5de080f1da5d493ccec;10010865;ECS Supermarket;R3;G2
04392a693669b7a07c09ed8c7cfc94916179a8b243e692a3d75b907c7f7de3c3;10027053;YourFuture Shop;R3;G2
060ac4ccce2fe429ea42be7843dcd91b3caf5be371d5e367de02a83bcc8f8f0f;10026294;Wasabi Shop;R3;G1
5270e1a2ef47735a9bf4ca3dfcf58aa4504708a5ec5eda82ff8238c1746904f2;10011499;Farmland Supermarket;R3;G2
63dcf56c416790b8a0615bd9806813f21ed0a1596e5dca1cfb29eeb80067711d;10017290;Id Shop;R3;G1
b6d5fa30d663a5c4ef3ab067c6db0477562aac147e44558db5795af180793008;10000478;Abacus Market;R3;G2
2bf338ef508cf678ea43f2d51ae5a20d4fbd8e33cf78336c8f7212a5033eb0bf;10012234;Filmotype Shop;R3;G2
a4db73bf4851e8482e83e6d6f28e432ce072198aa1cc2c93aba7031506cf9dac;10024499;Soloman Market;R3;G2
e827414f13d2ca5f930852eadc072f3fc0cdddb0dd8c9367c1957e3b3f8df9dc;10014047;Gulf Market;R2;G2
f709083eeb6633daca49628e2603d83cdef36ea59a1733d0235b8282350ce6d5;10025049;Tao Store;R3;G2
d09d71c0b1643fbb18434a117556f4ea6f756c1bc5b6b48b630d6fcd7176f0e8;10014739;Haz-Mat Store;R2;G2
cd51ffefd3edc9a8c18e64c91f663ad9b2a9281420db2e54558e33de91fd6baa;10013127;Garbee Supermarket;R3;G3
d7262c977761529f69bb7de0ee46fb2b1eb76a201e59a20b2c7e0131ea69cd8b;10025158;Taskers Supermarket;R3;G1
7ba15e69fae93b7a6f7360d02cb4d4342af94ebceddfb056a1df9152e865b5e6;10025040;Tangent Shop;R3;G2
c4985db7f37126947467d4c7e769212f511a8182f550e72ff6a4da8dceb029ef;10016047;High Store;R3;G2
dbdb8380d4b0b57dfcd2e16589631baccd7a7d546d39fd49dcf8ec191e87d126;10012158;Filene? Shop;R3;G2
878af2d07cb23597c410411ee7961f5d20c0db29ba1c9b284e4e400bf12c8788;10016807;Ibis Shop;R3;G2
4784e3fcc906ab42960bb3311f62970983ebf5a1a0e7b4962e9c17cb7900004a;10023003;Remedy Shop;R3;G2
a0bdab3a51b1df89f98e1e819daa668e944c236a96d1e9d9087c37e0b80e2ba2;10016303;HMR Shop;R1;G2
d5aa9da5e0a3f4f786bac8da217e393e1dcadf104b51f25f9edba55bbe97200a;10025353;Total Store;R2;G2
163df4c084852fd9acf6166e3c3eb8d16e827fc99afd9e8c30a2cca6176cdae6;10025560;Unisys Supermarket;R3;G2
57875c962c3076cea53e9ddad7285178615a8ffd7ec1e9b1ac2c4250419e8a20;10018665;Kaim Supermarket;R3;G2
5743bcc9c7c9c4767b01bf85b8465327163825efd487916838e3cc33929a4e7e;10017553;iLanguage Shop;R2;G2
d04d3827c2247cb2b5e05eaa3a787d1ab368470cc4f37e4e1f7a50eed0e7e4d9;10022764;RealiDyne Shop;R3;G2
b02cb174a276ee553629e29a21ac8fe922b7fd525d3c8661aa9931afcdaeb806;10005861;Big Supermarket;R3;G1
ec4bc74d38a810abfa2ddd47cb519a350e01db7c08a03b8a266ab83c7865cbfb;10021470;Papyrus Supermarket;R3;G2
8bd53928a0417e30181e9b375b674e4358833e39bae1bc81f7edb1f410f79ae8;10025285;Transalta Store;R3;G2
88b58bc1c2fda171c113c462a1faa28d1e6b0ab7fe6db6fad9e3a629f773a086;10023760;SataMine Shop;R3;G2
7478cc2f69a317d96cd700e4b16612bb34d7943744544b1f11bae23cee9c70d0;10021418;Panzl Shop;R3;G2
11768cc67bf42bedafe5582f5334d91afb1bf46c859e745c71dfe8f5aa4e2467;10020449;Nancy Supermarket;R3;G1
f2991e28ba19a606d6c4cb689a0e9fef9bba8e183b3fb74bfc98283616373997;10007121;C Market;R3;G2
b3afe379d6706b337f3a0267cdae1181bd14bc74e67fca656c242e9233fa37f1;10026268;WarRoom Store;R2;G3
2b9d128e35bddb8c85a98d3f0b0a36d5f17bfcd6036c8cd7e6dbb438ae53707d;10023489;Robust Store;R3;G2
0d2be553642110590e55a02ba0b128e41ec3ba3b4b4978ddf198f48b5f905996;10007536;Calypso Maxi Store;R2;G2
57934649ee943f3b144643d7a6fea096f80fef8e9923c5b30397c7a9fbc6928c;10013397;G-Com Supermarket;R3;G2
1f28c89e07ed35f87e30517819129211d56754b53ad4717fa73f638d88733b0b;10016045;High Supermarket;R3;G2
764b833aadc225f0d1eee66745bcd2cf6609144eea0efa62f0aa9ce96f189a24;10015789;hesketh.com Shop;R3;G1
d7836b05d52e2e90f3dd5c2a55acc5a870d082f72bf73b96e9faa295420c782b;10025034;Talou Shop;R3;G2
5055c2fb862959f64cbf65d04cde635530af22f5e235ff76584c1294a8ae5df3;10013188;Gartner Supermarket;R3;G2
c72432f25e33da4c0b9d6547748ea29d8a232030b6fba563dcb1a4c756304a0e;10006037;Bigelow Store;R3;G1
d912851bdcbd8921b3226a17dc3b7ea4d53212047dbc666dfd1e6faf0c15b51a;10013312;Gate9th Shop;R2;G2
c4d68e676892ab1ee51f69ab225ff5301839e142b33a343ac0345ef601c1e3db;10007355;CAF Market;R3;G2
8ba609113fc628ed811fbab643258d414c7e4c62bb95f60a0ad9951544faa930;10022431;R&J Shop;R2;G2
bb538ed6b10ca7d7adc1ac0c397518d2415cdf1902f9692f0ed12d569147677c;10014059;GURUs Shop;R2;G2
d53db900b1ce2fb5a64b0780c5b2b86fe361d70bd1f8328197cb1d037f76dea0;10025252;Times Store;R3;G2
dd1689d92207084b18ad19edbd37f94cd983acb7c6d7c0ce2c8f268d14ebea2a;10021750;Paul Store;R3;G2
4c542cfd3c9ce7dd55624517748ecd0d80d0bd8e38c444e32cdd18e0e13e7bc5;10020662;Nematron Shop;R3;G1
209c3a0734cba9742eab55e1e677b7fdda9f4fb44b222676ce85ac391cfa280c;10018871;Karsings;O2;G2
486106bd3bf9fd8271484de3fda8d6a5dca6a9ce2fe131ae0c855c6e4cff37bb;10002154;Acer Superstore;R2;G3
70973ca69942634f92307b64c51c829e4943f6626c13d2336e96c3d42d48f944;10025287;TransCanada Store;R2;G2
5f59b4e8836f3cb6bb13d9a433928fe407d661b2a3fe978501d7ee8741028a89;10005376;Bibb Store;R3;G2
29ce279540fb365476be972ee33e99c7192bb79ee85936bcfbd1a7478123e837;10013232;Garza Supermarket;R3;G2
01fa8300fd1687b6a98fa7cd7188be7358758331e0eae55e347889fa0944c529;10018885;Kawneer Market;R3;G2
296211c27861e030b8a99fe9a37ae1d107c363ae1105581026c0e2f74ae1a29f;10021472;Parabole Shop;R3;G3
d5611a62dad4092a8e20a4fbe419a973820953e48678299c03121091c72a01b8;10020909;Onestar Shop;O1;G2
cfcc4c56303fb77e933a12e254d1e06c66971bc1e557e0e5e396d9d92f13b455;10024246;Siemens Supermarket;R3;G2
a2106e090ac24b77ad7dc47878d18020b2364744cfa83b54ebc6ae59a1d58cb4;10011546;Farrell Supermarket;R3;G2
b96de4082efd59733428d6fe2e8b56de835068eab4dc783399009728470b3395;10016334;Hobart Store;R3;G2
a635a75bb1fbf4a593df18c6d0509100c11d00cac895df2dd744bd1ede2574e4;10024541;Southern Supermarket;R3;G2
347160be7325285f310b2a7004a09d864814f715841071e75799608925c692f6;10018371;Joy Supermarket;R3;G1
37c35a830e8c6c8d0efcf00bab1b9462d56e88dbc1f4adec1307fdd05a1c3b14;10002709;Active Store;R3;G2
5631c87e27951e438854d35f4f486ff37b4f6aa4aadc967e41b1eef8811b5541;10025062;TargetedListings Shop;R3;G2
290b4ecaa9910131c4f2c786d7e9482b08cb911a9855a9bfa7d7fc5e08c7f56c;10012422;Finishing Shop;R3;G2
22b188efe1f2247d9d99c64f9d374740e1bd453f67d9a861b68010c03899ea63;10005043;Bezeq Shop;R3;G1
3e9b76039607b1b0de5a47562a4f05a4eaca322a20fc19cac50f29a1494691ab;10019812;Lewis Supermarket;R2;G2
df4f7ef85e1daf3f8680dd948ab23febcfe03383bd2a84c029ca36ea75659bb4;10012305;FIND/SVP Shop;R3;G2
e59061b43cdbfd0561016a93859379512961948ae8c6f89964d77dab5037932f;10009697;Debian Shop;R2;G2
db2d112df1875594edf4d0ff99ed5023f73bb8c766adfa181ad2f6d96c74ceac;10002114;Accel Supermarket;R3;G2
9645be4fc52d58eec9fd79c95870cf56a1ed8637af1e177dfa7eb1f54f807c4c;10021184;Pacific Supermarket;R3;G2
daf7bec509d8164de18f6c8768b4af1a3676ee83ba96755389aad8aa9bbee765;10008593;Capitola Market;R2;G2
a02ae07eafb39e5f45b0b7a38f36bba8bd1bde051adc45ddf0ed60c872f7a10a;10022168;QualServe Shop;R1;G2
a027625035ffac2f2d9a08a391ac48ba4debd9e0c76afb95cccb3e9d03b51402;10025359;UKnames.net Shop;R4;G2
c316e4d8f948bf4b84ed7e59442cdd33fed76816b349e215f4bbd1f5fe2b3c60;10015956;Hidden Market;R3;G2
9ff958c7710f3cf5fed2c11f2f02fff78784be886fa5ea0fa7f077381630a572;10010923;Edmark Shop;O2;G1
7e35f516e97e2cfb4dead23f5c21e52656603e54d3cbd90673068b7d9d14f7ac;10020413;Molson Store;R3;G2
0019a7f16e1da83c23fd9ae5fc10e9dd5d57b3880ff9f7522e0e29c1b5f5c460;10018623;K&M Supermarket;R1;G2
f991b395c2d5984309cef42a0d4017b59de52f03530bfcdf99f3242a55f43bd4;10021239;PADL Shop;R3;G2
f7b810e3cebe32a1b38da9b9baccb0014361df4bbc973dde2bd587fe13307fed;10026336;WBM Store;R3;G2
8b8ba845e1ed8f7bc265c127b5ca533e8d7edd6cee0dcaeef75d08fc56821da1;10013670;Gehlken Supermarket;R3;G2
06838117b937aa0a5ccaffb255e9c07e3671d0f7ddcfe6a6edec093dce3050fc;10008596;Capitolnet Supermarket;R4;G2
77c41becd5099e290772ce8a0f69ccd9a1433628966f62f736cda476be652e8d;10022725;Razorfish Shop;R3;G2
5fbf1d013a15198970421953698d6606397cb32cbfcab43f02aec96c48500a3e;10025024;Talarians;O2;G2
7595f502d89d95a7a896a361b93502814ffde21e28d73706c8d705eb120dddfb;10020256;Maxtor Shop;O2;G2
fdc1e0bc6668bbaf0cec513edce45b71c80c71b6f772f2c73311350923a5ea1f;10020388;Metro-Goldwyn-Mayer, Supermarket;R3;G2
1c882b07fe4b8e12d96937580b6f025a1087ca655d807131fbbf92fb872a3911;10025237;Team Supermarket;O2;G3
1e9050d97ffb2538dd24d6578616907f8e4b5d71886f94d0e8bca36858dfc4d3;10025246;TECC Shop;R3;G3
04e97906f86eec40a2c13fdbf47912b8cd5e6906462a2ef9319c211fa919ee25;10021977;Pinnacle Store;R3;G2
1fa9bb36e34b101b2729560999e43219aeb926f9921827048e47a30c69e4c9f9;10023778;Satronix Shop;R3;G2
22a8d01b259e822d8035e893eb4954f7426dbb76fd304999bcf9928f83c154fc;10009606;Champs Gigaplace;R3;G1
606028623c2dfc06df1534c20e27a9dd44e6c8ea8f137ba00b54f002068c75f5;10026560;Xentec Shop;O2;G2
f8d5dc15fb500469d55af79464eaa07962a0b6f87396d700f7ed2f785a7df04b;10023511;Sage Supermarket;R1;G1
46a5bebcd9c28dbf2452e10c4e03cf0ab50a222fd3c4c63b0b047ee269ec49c7;10019900;LiveWire Supermarket;R3;G2
8d1255ef95aec2e61a54894152e4f40ff67c3bbf49c901b78396492b3f159bb6;10011093;EMC Shop;R3;G2
d3181e3df94aef8dadf48985ca1f447ca4aa70d63681dbda24ae83e81c066cb0;10013052;GammaGraphX Store;R3;G2
58e0b176401ed4d25c82fa3a6964a424a99f3bdace146eda91c289ab3ac8d238;10007309;Cadtex Shop;R3;G1
3405f9b5ed80475ab6f71c11bcd1ae58b4c1929891518d409de35cd08e21ab0b;10002501;Action Supermarket;R3;G1
a17d17f45170074d56879dfb705d70ce9b1310b1da8ecb920959863d7d8f850c;10006917;Borden Supermarket;R3;G2
3546b41b427129139e14ae73f982f2a1e50bcba08da9b27b2d7bc4b5d8620c67;10012128;Fifth Supermarket;R3;G3
9208278d83410d4fdd3343c9902cdb96509487412483301010d205a078e15fe2;10019880;Litton Supermarket;O2;G2
6d93610294cd062471d81d61853add4c3b2722351f329528edafa6a10405b1a9;10015824;Heurikon Shop;R2;G2
e5a89a11e8ebc9578282629223a72a8e0c794e662fdb7947e49460bbca6702e5;10005922;Big Supermarket;R3;G2
a0777d0a509c9b6bded8ddd61d078d0079bf44d818a98c7df5b4f19d2500bd7e;10019109;KentISP Shop;O2;G2
ee091e567d9aede778ac6ecde60465f7884c11e53e44875e93e12e481a556326;10014533;Harvey Shop;O2;G2
85bdc9d6e4e96a3ea768e022c46a558489da961feeaa5c249c2f84191b0a32f3;10027119;Yurie Market;R3;G2
ddedd4ae7773e4e454d4aef715bddb191dd3afee7a296c6e527939a698d34d93;10023022;Renaissance Supermarket;R2;G3
555a3de7185c9783b8cb5716f87a10e021e0294b639b68890e43a311f4614cdb;10018352;Johnson Store;R3;G3
eb4fe295cd97fb4fae39edd26352bef96cac1ee0efd1e485ea0f6eb9f921da7b;10009643;David Store;R3;G2
d5261cb2f67da7fc0853cd2dd7133ba1a43930eba80ff0ad0315f4f197f74798;10025242;Teamsolve Shop;O2;G1
0620e1efb2f55fa1a08873d678159872c6b66223772d7cb5fd9d7702dc568b04;10024880;Sun Supermarket;R3;G3
8c1cdb402c4fad664e68032b6ee9d59502639f7d872bf22b19691141dd18aa3e;10024924;T.M. Store;R3;G1
a29764d9b2a4fcc6c5055b1240adb70870b2566a5015f84df470e57889909b92;10027050;Your Market;R3;G2
bfeadab6431744c116e3ca8aa25e6f40ecef585dbc55e8f21d6af0b609865d7f;10014779;HBO Supermarket;R3;G2
19e436d662e11a987330d4221a16b71380075756e0751f184306d5996d223529;10019420;Keystroke Market;R3;G1
eb892bfce6e93a54a4c2046fefd1729c582137b62efce0a3e730e357a44b211b;10016548;Home Superstore;R3;G2
303c3d604f045238ddb75676a7aab7f9a3807de7b8d1d539e1d626730690c6b4;10026062;Venable Shop;R2;G2
96f38e9ea126293a4645882659634a869821ce293a2d37781ac797fef6cb2f68;10021300;PageWave Megastore;R2;G2
873ea53d0c77459d8658078043333136ccafb51f7d206ff88007fea8a3a0b90f;10000497;Abplus Shop;R3;G1
e5ff76ee6160d4b2369d11a16731aa64b299ede0685d9a484af2394031b4721b;10025086;Tartanchase Shop;O2;G1
2e18b81afff7f6370f39c5bfa53bd34f1d944d80d4b034bf0973d7a033e865d2;10000499;ABSolute Shop;R3;G2
77fed91e45b7341b72fa4a6a876f098c355ecdc67410fb90d119a9cf3dc3a909;10022450;R2J2 Shop;R3;G2
ac1c795d984235c3233f4876082090a850c09fd958557127c08b922a33855e91;10013080;Ganymede Shop;R3;G2
ea0dc832bdb6394c5c503843218d35f1c6e61110cefb519a7cc3b212b35e2901;10020849;OnDeck Store;R3;G2
3d3b1308554d917dd69b623bff33155ee2f92d592ae44db0d5d5a3b200afc414;10009669;De Store;R3;G2
19b00700572e21e21cf4059fd4401c0d6260df8c9a1206ec399b5c8751459610;10024003;Scientific Supermarket;R2;G2
50a86ef55388fc15fb8122d92c5cac83c911d46e3677178eebee9d5f44b1b424;10025392;Ultimate Supermarket;R3;G2
c7a2aface8b87cea4dd6cd925cc21d0d4d5d29b831b011ca1ed28933143fa4ff;10025267;Todd Supermarket;R3;G3
99419f4995894f52fdb746388ec835ea1c6020a28f99816cc91f5c562c18ffc1;10000486;Aberdeen Shop;R3;G2
19d32be6a8da96f9bd57ca5273db48206f525bf355b53331bd4014e08f225f40;10021459;Papyrus Shop;O2;G2
11ca156eba51f7ba58fc065306ab558651ba1af8f90fff5e7b82a00706a4f12a;10015793;Hetrick Supermarket;R3;G2
81bb0d93dba728182d787305a695eaac9809cdb2ab18ed00584b3ecf9b9dab81;10019678;Laker Market;R3;G2
f288ce5203bf70cf78c074fb11895126bac10e8024051f663e165df8831a2d40;10021380;Pangaea Store;R3;G2
e8c5d042982d2f7aa7e47fdf46967b717f3d38ea147f17f0bcab0f8446c46967;10025025;Taligent Midstore;R3;G2
42afe5a590e11e0ade2dcb53de98adb5a110eb7c23f038205bed49cfaafc6a60;10002240;ACS Shop;R3;G2
2968a63bb37317be603311d7112d1eed8bad0fa70a7e3172d8c63de3cd6ae97f;10017036;Icon Superstore;R1;G2
0cc6bfb7265c4b7388828c7a1f0deff243bacb68cba2fde9576a6e6352f2aa93;10012369;Finest Supermarket;R3;G2
2bb99019e155115271b955ccea25f28bcfabe8058de677c01d8ea127f37b4343;10022201;Quantum Shop;R3;G1
c524093ac9c61e5c384a378686ddb46a7753e7e53488d475f35a301fa9e18827;10026023;VEI Shop;R3;G2
9b70fc7565848c2798ce8c80de576ec8e0552fb7fce6e4fe1d4c8085b13127ff;10010887;Edia Shop;R3;G3
bed0ee9a0bd61113ac0647a9b0fbcc5825b0b9b27179afa8ceeee30917702972;10022444;R.J. Market;O2;G2
b3730b87d0c44297aee1d6d32c0678d0fd9fd3977147aa88124bea16f615aa79;10020306;McGraw-Hill Supermarket;R3;G2
9ee03af60bdbf54333b4b211879cae907fef8fe1dafc6b9a038d6451a2e4666b;10011089;Embedded Supermarket;R2;G3
4d9cddd954fe752361268224b8c1ed69cc594f83e06c18a4d11c04ee6502b33b;10007564;CAM Market;R2;G2
1e4e5f52f7d57df17f4ddb4fed36dbbec2358ea6f31d10d6ee8df5cb46c464c9;10002489;ACT Supermarket;R3;G2
038f2cd0e2f0e14be9db04aef2f037874d2d589665885871101481c2e036721a;10020448;Nanao Shop;R3;G3
7f716ecf32cf1e4fa136dc341dfb098ebf2c2b4c4bb8464ef2a25e9bc3ad1734;10011979;FiberPlex Shop;R3;G1
31020cb472ed7a0c791ab0c21db0cabb49d24489d8037751d391e6736211d554;10021415;Pantech Supermarket;R3;G2
b3dceb5989d53c54bfc1fbc2d893750d8273868cf53ae3e8b64f6ea78f460031;10016542;Holy Supermarket;O2;G2
cad642ee042814561ddbc7ee54f63e78fca11fe59d708ac85474f2a92daa9464;10000475;AA-Wizard Shop;R3;G2
5fabe891ccf753ae1e9c7bdb3994b2d9650b6b708f8eb48ab3ff266d9de0c705;10011600;FCS Shop;R3;G2
848c87e66ca8319d1ce4b7505dea43492f67b60e926e9fa89848e85ba8854f81;10023447;RKS Shop;R3;G2
0acbb77563a3d51da1312bb231ced55a66ed712d61181bfde3410eda4a14c5e1;10023780;SAT-SAGEM Supermarket;R3;G1
e7ed9ae6ca6d59ca6029d1452ce77caa33c0eeafef9548222c43585568eca108;10011981;FIBERWORKS Shop;R3;G2
def11dbd945fc6f89de808d779cd4a8bb816a0f266876abb697aa2b74e5c92b9;10020639;NECX Market;R2;G2
09ee6d5bcc65516b7068ca15dab83e9cc292b4507a1163935e1017b3ec06b3f0;10024260;Sigma Supermarket;R3;G2
1091d8843e2e7afdfa20b056f809089733f9dc6763b11a04cc5cdbdc66ef48f3;10026365;Whites;R3;G2
619c65e97aaa9cd9e2ef7036a1099f646c020b06a3ff00df5dbaad6262e05faf;10025299;U.S. Market;R3;G3
698b470a4249541132fded93c8a496a6c26e81610e23e68819fce3bb639d558b;10022423;Qwest Shop;R2;G2
77843404f53030f3ff3517b0ea2117325853eac8fa84cc8882a03f712c9b096b;10025037;Tampere Shop;R2;G2
4273b01eb7c4d662d2cf4209b1959c40d8d9c90f0c814db273672ebea02a6ac6;10015011;Hederman Supermarket;R3;G1
ee2371c5a74628723caeff896142e1b326eae9e68861d1301cf963949ab61d98;10026078;Venred Shop;R3;G2
30e40bf02d81030990223d3b0ce0babedce4a481c8b7e136962bb0f37eb3c9f4;10025515;UniPress Shop;R1;G2
7c6b3ecf123b8a2f0f869f3e4d56254a1988c7f358f0f3cbf2c0e2ac37300d50;10023524;Salias Gigaplace;R3;G2
094a16a5dca1a4de9bef52fe5fe2e5c8b9989d5b6caf3ef2376a43a750da4e7b;10007134;C&C Shop;R3;G2
08e6aecb5316ae44910bc16c03c9a07060c3324047142f9fbda6a08819f6248d;10021936;Pink Supermarket;R3;G2
8533ca8ab7d426129f045075dc6cd756aa80b05fa1fff481b7547d403125a39f;10019897;Livermore Store;R3;G2
a25cb94d48393000c45830ccae7565be284d13e899e37dcf9252463c4f10b32b;10026291;Warsun Supermarket;R3;G2
cad679f581890712643db6da0774537daed76e4cb0bab7562cc44eee03e57136;10025508;Unimedya Shop;R3;G3
ccc87aaff469f3eba19539a0c474fa183a5a7bfb8f0a1c1a3d106721995b7445;10025298;U. Supermarket;R3;G3
8741c00057a977635630f5a89502b67841a65a1d7abfa731d2e24ca44fa5920b;10021331;Palo Supermarket;R2;G2
ee863aeda6b5c396df88000b2c600c842041bc06e78ff0030c9eb9bc61fde24c;10020491;Nbase Shop;R3;G1
09ac2cd55b57ef4e807ab8061740cf3861e156d247f5964042eaaef193f9e8e0;10022755;Real Supermarket;R3;G1
04ceac8719ce2ef9f459d690d7fdbc7be0d61ca32afc730bde785a2ee714338d;10027340;Zentrum Market;R3;G2
e8289460b8ca7e3ed2d8efb1ef42345511d3e8222ab3a7d907a8adc0effd3124;10005099;BF Supermarket;R3;G2
557de5fb7f40d99c16a7e326dcf36e72b5d9da60e7638c6aef40ff00c503d2b0;10019879;Litton Shop;R3;G2
297ad4f71898f6b64eba71a854363847e90c1f0bf045fda3f13106e268d0f616;10011360;Equitable Store;R2;G2
19830cb97b8c2921eea423838722028d65858e7a4c7bd3c59a11746b1d33af57;10000501;Absolute Supermarket;R3;G3
8efb60706510664437aac8dd8326e4ee683ee0df642361c0ad142acf433a7d49;10023759;SASCO Store;R3;G2
688d8c51a247cbd40a2b7f86bf423dbd036eebdb23d77b0233f94fc9ba7c8bc7;10009985;E Supermarket;R3;G2
b3734f2bc5edde3079910df43fecbe3cd0060b830b6a277098440bb3af6b1641;10025791;Valley Market;R3;G2
58f2d6c36d597d10fb90f8fdba967ac2a9b8ace86b6d9e8d245a3c55adf21d2c;10005688;Bien Supermarket;R3;G2
866625c97dd8d77109c0f7f46f7257901da95e756bdd1bf03facad57f3cc9029;10011198;e-MDs Shop;R3;G2
5a6686b8596fb9b51fbfd131d550319f10efc9e7a26d77b171f6eb840eeecb0c;10020982;Outsource Store;R3;G2
d5b5925cadc1e71c2a5f3bb67b5f5a2514caf9b4975bb8c03a4294e07a37f24f;10012328;Finder Shop;R1;G2
c2c8d02e01702c1f607e281afc88791f1465c6b608a0cf385e58ac76592aad5a;10014043;Guarantee Supermarket;R3;G1
11267d49ddcbbe53a55b25cd498a41d801fd53f60c43edadda90bb1b3e3c1ecd;10009672;DEAC Shop;R3;G2
6d6a9f84efb3b754155c4cafe7e76599902d4761a6f043f62ab987133b354220;10025036;Tampa Market;R3;G2
44e3c588f958c741f0297ad2bd0f50903fd139ff99df98f113a7c964204e64f6;10020445;N.Graphics Shop;R3;G2
9daf3b0e832b162546fce725e16c52e7f9d5e722f9279672e1a81b15dfdc0e4f;10014803;HCHS Shop;R3;G2
dc159af8c75ad478be625dcecb9b0cb478736b85f85ddc03a4ce497d5653ccb6;10006846;Bizmarts Shop;R3;G2
af005bef64d6721714a25649a8943938d0477ad9ed241feeced767060a7c1c07;10026355;We Market;R3;G2
1b33d21171fa5beeb3d9df20a3942c0add5e772d647eee3299a86f77088c9ec2;10009631;Clearout Shop;R3;G2
7190b54ac0d5aca12d682afab58b94e7c4598bc066535683dedd61e40a6d8de8;10017828;Lee Megastore;R1;G2
f1767e6a304fa15e373de136329a097026b75a61516d5c1b328ee5ad6af1e96b;10025269;Toledo Market;R3;G2
19f45208a2eb00ac3c7e32fdaae558993169178cf1cfc68581f88c6f4b003d13;10018868;Karickal Store;R3;G1
641a1e49c6085eefb045181ab202c6df3a145b206bc1ffa982cd138d0128c581;10024704;Sterling Store;R3;G2
0cc93f2e333eaca1ab21ac553aca22e027789797e9e7caf544f567370b07b4a6;10013472;GE Market;R3;G2
69c2eb0bd484d1a53b9208f251418771defe29e417ba51bb401d55c04e9619e8;10026081;Ventana Maxistore;O2;G1
9b2ae3e146ec7fddde5697ed18d408f96055dce4dbf5d164d638aa2a3629d320;10009885;Degolyer Supermarket;R3;G3
f88164de70311619dcee0116ef349fa74d6433baf0cf5e3fa10c5b0a2d6e5dbf;10002220;ACRON Shop;R3;G3
2a4d1fe9c5543050216b992287fd9344519a2adc0d188bc5e034437bb6528b1a;10025241;TeamStore;R1;G1
06bdf6f718a61b3b16275e22344b8afd5f36ed64c87f42b9e888915e07d792fa;10020227;MaxBan Shop;R3;G2
fbbec7a94dedc3500a6a69fa5d4b429f4d3e73b3193e664da59751f927af70a8;10000469;A-2-Z Supermarket;R3;G3
cda3caefbc34bc973c78ecd13442c953c8a9a3f67427469034c41d212cf9f397;10015886;Hewlett Supermarket;R3;G2
c8976144693a2b460c66e967fc657290fa3716617a9da1cd67925cf80e65c6ad;10025023;TAL Store;R3;G3
a05ac9732f049d32056ddfc19b38bcc1af68f76a59a846723a5057356f33ffba;10000488;ABI Supermarket;R3;G1
c2eb888796c1b207868696f2a9a72941fa2557a9553b9a4d16b7fa3549afcd3d;10014469;Harte-Hanks Market;O2;G2
dc25fd365b60dc1c467ef599430d95b20142eb64a4a07a433b334e0d63637462;10009156;Carden Supermarket;R3;G2
f6e4bc32a630d8daa0d105d9b8d09cd2feaa15141d627433b8f7e36d0c62cff5;10013871;Grove Supermarket;R2;G2
af8544ebbda7e35f9d097eee597566a83ebd30f383922cc49517434c81addafd;10021668;Pathlight Market;R3;G2
1d436f66259e102980cad4d96d0a777d18a17281f2acec46428cd0a4b9b5903b;10018363;Jones Stores;R3;G1
f9fb0cc57012aee4ddef5f9fcd3fd569ed6e65569f8365849f659a5a34778f6a;10008638;CAPTA Shop;R3;G2
a0f1e66509c8786e646cd5b61def7b560c685bcd25e23849966a03595c3fc658;10011623;Federal Supermarket;R2;G2
7b9ddc32be274a632d36f839b84f46192164326dca8be03cf7287e6856e256e1;10019400;Keystar Superstore;R3;G2
64e23e1f4d1f260c3f5fc37d3dbe347a2329cfbd05b66283397267b0b9bf8ff0;10018129;J.M. Market;R3;G1
8b159dd0ed76c516be874c562237c1f20fb304992eb6d585d900602afe42f497;10019469;kGS Shop;R3;G2
d48d7d5ef6c3d7dce3b4f2ca24ed1b9caf032e88a108f930f9619cdabce7ead1;10025919;Vanstars;R3;G2
2cc4655978d158eb3e49d73e06f707f7a315d2525d915be631bfc56840531e32;10025251;Time Supermarket;R2;G2
25da62a5d814613a74c30198bf38e021fb661032d9378fb836fc1c3771eed5ee;10024477;Smith Supermarket;R3;G1
6882a569ea91f6682c37b3ec2a0e1a9c5a2a23ca763f22e076e8f7344a72cae0;10027572;ZipLip.Com Shop;R3;G2
9219ccc87bb273309648df7e9ee515be005e61ea73e2e24e0713a4f50cc8f75e;10016858;IBVA Shop;R2;G2
67579d14a59c4c48e09fab2147592454e151f340414c3cf63e00d391aeed8264;10013011;Gamacles Shop;R3;G1
ed8dca7568a53b3d3bd441c2b998fce42f198833bc77136d5be19172f407a754;10019664;Koppers Supermarket;R1;G2
96d10ed8dcb031702cb4beb20cad2588190a1eadca896106cc7182de38776af2;10020492;NBTel Shop;R3;G2
4e5f9ca56428bf4c4f428874956c8329f1e3bce0b4ad2ba6c53e321d8147bd87;10024255;Sigma Shop;O2;G2
3405fbc97972776259edf5d7c21dffba8b5f127878af09814ffc087f2b5dbe62;10025418;Ultra-Image Shop;R2;G2
99f97e120a5850db8a11e083879d4691518b91cc6070bff8af0e6d62c8bfaaf4;10026861;Xyplex Shop;R3;G2
8df8cfc040ef6cda5bea94f9429b51a63acbdc00a94eadf79cb0df70a0b83177;10017576;Illuminati Shop;R3;G2
37ce6b1a06925e000194cf3324a763a765f3bf2ef2494c48ab7b4fb7afcb6574;10010832;?change Store;R2;G2
104ba0742abbbd388bddda956746b0999c7cc1f99e214e09bf5c673989feee80;10021222;Pacifico's;R3;G2
57737256861f4216c19fff11806a92ea5d989a66c106d8b63c6220754f109e0f;10022678;Rave Supermarket;R3;G2
3621f92c2a15065d5f836fd7409c4632fb1d384ab8a57f86a45c95c0600b4274;10015253;Hekimian Store;R3;G3
d7485e2a39cfdd17f182942892e6b1ee62c8e2bccab93cbceb3f220ab2ad4357;10004302;Berkeley Supermarket;R3;G2
a6458615e71abef346ee38919795bb1d99926eb77916913433b904529e6624e0;10007253;C3 Supermarket;O2;G2
2faa098884b41616bc60035c264aa1519fe47c84c683b559b9648f174d05ac56;10002969;activeDesign Shop;R3;G2
07a92ef105165597f74a5dc5fa91253dfa3fcbe9377f539fc483abb0b19376ae;10010914;Editor Shop;R3;G2
9c108d7a158b7947b4df5c3ffd82e4c2a88f9476d1a558aacf767e91e4efe437;10021242;Page Store;R3;G3
724f59f360f1df20a9197c64610ed6cb1bca41d7b77c9754edbda6c416e80315;10019512;Kim Market;R3;G2
f5e4d100cd36bfd2bf97f09138f4e15b697c7661eec9cf3f597127d4b509c994;10015325;Helius Shop;R2;G2
db8f7d14807e6ad1afa1934a437c8c0a196ea0ccbd3fa5e5b36817af1e70c8fb;10008381;CAPCON Shop;R3;G2
5397b8e5c441571414965333b978676c984f00130a58ecffbe0fb7b61feae34e;10018603;K&K Supermarket;R3;G1
d52034221937f29e192f234e9601db0421e9e3355a45642af0a15f9e70d8642f;10021270;Page Market;R3;G2
14948f8236a9ae49c714a1dcaff497f54eab53f772ef20a8549defd263f2a38f;10015783;Hershey Supermarket;R3;G2
7ba93d7b5c7d45d39bc72f8be2b2a59340b57864892f30199178265ab1907fd9;10020962;Output Supermarket;R2;G2
3d0cdce7477786f0fd591aafcd069d67d5fca682884a85779d3a3e6c9648fb51;10016780;iBEAM Shop;R3;G1
a2fbd23f815876fab88c12e172cce56f3a23c791d03af2ca97e5937a3100bdd3;10018146;J.M. Supermarket;R3;G3
9b9119f684310a7483baed6574890417ee5ca10764381fb7c6278e6188fa994a;10023509;Safetynet Shop;R3;G2
f999f9bbca5363f6a2d80381134068e0d7adeef5e1c1f75798d62b235a62db15;10025495;UniForum Shop;R3;G2
e2d7bbd57e24ba28fa252e85f2c88ed8faa0dbbb6fa7708f22f208c4c4a81577;10025296;Trust Supermarket;R3;G2
127200d64df9908fcdf8536b2e02d2d9d5af5f4219d5d66159ddfd2bf11a7d21;10007117;Bre-X Shop;R3;G1
f12d97ac9df91ccb3192fcae772984d9c7dbdebac7bd005f0c1d0b6ae3052621;10003554;Ad Supermarket;R3;G1
d75d5977acde9d8aed223d1bc711d7af193bb29b1e7d69c2e641f481bc9d3e67;10002149;AccuLAN Shop;R3;G2
49c67307458dd09c301972ab2d60f4b09b806a66d958c79c25a9ff999fc01d4e;10024743;Stone Supermarket;R3;G2
2297292beebedf33dd222c8914226700a0e96d298bacbdbfcf917f4e2af1eb77;10014238;Harbor Store;R3;G1
4215f562b1cddb31191a637d6adc22efec460e2965a423f9ad5c14c31c56c767;10013899;Grumman Market;R3;G2
c6ed27c34c297d6ce005bd18bddfcc1752f4460032d424629ebd9ab928f5beaa;10027082;ySecret Shop;R3;G3
aa6ef9c03344cc59fdf3b5cda62fb8c7b6b860aec1edf76be8988e2f833e0633;10004245;Bens Megaplace;R2;G2
ecdc9d04c6a0e8647e3896ba1e8974a9487cf39254c9d8452757ce4ef39a7845;10024915;Systems Store;R3;G1
0a850f107bf040664a99ed89118f2faf5cdc9b0fa3f90c0ae1723f72bf0ed415;10019105;Kensington Market;R3;G2
0c576b1801962650ad5a7ebaa42cfe8dcf9596d553a9018565df16ad20715134;10022456;Ra Maxistore;R3;G2
2023c1365f7db8de175eeab60a327cd4db79fcbed1b173b715983d3ebf16157f;10024016;Screen Supermarket;R3;G1
e2b52ec2f67bc3c38415bf892e7aea1e3607b7c9c27c50dedecc15cef8ca4f21;10021736;Patton Store;R3;G1
41ac73db22137427a2d6b0e8d5617342cb19755a7cbf6581590504e51c6ce3c3;10011724;Federal Supermarket;O2;G3
bc0c4063051c0888e28c6fcb92c8913380bf12f2c9baa6a4181a47133498ac23;10000472;Aaron Store;R3;G2
3d70e91a5b6401240b609c3a3f58183b15bbefc18f8c8bc7e02d70ea3d6a30c9;10016564;Home Market;R3;G2
09dabf841d687d302c61cd93c7594aa1e66d3a7c6c119e89dc3c3a96c0b30005;10023235;ReviewBooth Shop;R2;G2
481163669a131b7453256d685dc0ca5feda223689dcb11b01885e361c5391f1c;10012927;Galaxy Supermarket;R3;G2
a0a0857d12245f10ca2288b78def375b407d963a40ccbe1650d89d1dc84038ff;10022240;Quantum Supermarket;R3;G3
fd3f69bad7008e6eafd57cc9b94036465416fc62a61ffda161480de0365c7ca6;10023964;Science Store;R3;G3
dd013d2ea37d3a9aa5f22d4d68aaa8628e25d1db01ee6187363c48ec5b7fb910;10025250;TICOR Shop;R2;G2
cbf5fe6bd8130f09059f9e05bd3f35824fbf71f21d725a5fa22cb08dcc59bf92;10020192;MATRIX Shop;R3;G2
a161d39194bb3399356b299f70dbdc45a8567cbe2cef93fb37b4e23c00ad801a;10008602;Caprica Supermarket;R3;G2
827b655979f5812ff0218d9af11b731a070eaebfa001ea5212ff4102cc0a07d1;10021006;Overdreams Shop;R3;G2
02552a17eeeaac83ab0b12632df8764fcd7746f5c3e4dcfefe279f9b1d614289;10023471;Road Warriors;R3;G2
463808c7a950958affe82099393565930aa732dae2f961cdf7a8a508f1682e6e;10001103;AC Store;R3;G2
f61d6724b186f05b0f17f2e79717be64749e8429aa193ab4906a7247b7f58b25;10000453;A Supermarket;R3;G1
3f65ca39da17bc6d5f2fc90780d71f100b3fe2886735ff23e2d067e22c5340bc;10000481;Abbott Shop;R2;G2
231f5847e48852d82ecbb3228619b55f683f34b1b19ba9edf94619abef1d6a97;10027348;Zephyr Shop;R2;G2
31d7deae3ca46d4d044d44f22976ae1323a9177bf33c52d09ba30d44b2d4d133;10015030;Hegemony Shop;R2;G2
38f761d96db85e252042b81ebb09bc7a08059cb235c886140723b301d4a5f4b9;10002746;Active Supermarket;R3;G2
14464c651040e159823411c602aec2e4db47f4ad71f39293345fe56d406598f2;10009863;Deere Store;R3;G1
0c12233319900a2ae147221468c773bb70f6dfc183609f1db8a284c2700df17f;10025289;Tredegar Market;R3;G2
307023fbc06dd7ba574acb32151bc19c5f1dad463bae70bb1e59eee513137379;10023495;Safe Shop;R3;G1
615e99368e49fdc210786a55d88ff78713b31f3895303484c2fc11f757939d19;10002155;ACES Supermarket;R3;G1
